employee_id,employee_first_name,employee_last_name,married_id,marital_status_id,gender_id,emp_status_id,dept_id,perf_score_id,from_diversity_job_fair_id,salary,termd,position_id,position,state,zip,date_of_birth,sex,marital_desc,citizen_desc,hispanic_latino,race_desc,date_of_hire,date_of_termination,term_reason,employment_status,department,manager_id,manager_first_name,manager_last_name,recruitment_source,performance_score,engagement_survey,emp_satisfaction,special_projects_count,last_performance_review_date,days_late_last,absences
10026,Adinolfi,Wilson,0,0,1,1,5,4,0,62506,0,19,Production Technician I,MA,01960,7/10/83,M ,Single,US Citizen,No,White,7/5/11,,N/A-StillEmployed,Active,Production       ,22,Michael,Albert,LinkedIn,Exceeds,4.6,5,0,1/17/19,0,1
10084,Ait Sidi,Karthikeyan,1,1,1,5,3,3,0,104437,1,27,Sr. DBA,MA,02148,5/5/75,M ,Married,US Citizen,No,White,3/30/15,6/16/16,career change,Voluntarily Terminated,IT/IS,4,Simon,Roup,Indeed,Fully Meets,4.96,3,6,2/24/16,0,17
10196,Akinkuolie,Sarah,1,1,0,5,5,3,0,64955,1,20,Production Technician II,MA,01810,9/19/88,F,Married,US Citizen,No,White,7/5/11,9/24/12,hours,Voluntarily Terminated,Production       ,20,Kissy,Sullivan,LinkedIn,Fully Meets,3.02,3,0,5/15/12,0,3
10088,Alagbe,Alagbe,1,1,0,1,5,3,0,64991,0,19,Production Technician I,MA,01886,9/27/88,F,Married,US Citizen,No,White,1/7/08,,N/A-StillEmployed,Active,Production       ,16,Elijiah,Gray,Indeed,Fully Meets,4.84,5,0,1/3/19,0,15
10069,Anderson,Carol,0,2,0,5,5,3,0,50825,1,19,Production Technician I,MA,02169,9/8/89,F,Divorced,US Citizen,No,White,7/11/11,9/6/16,return to school,Voluntarily Terminated,Production       ,39,Webster,Butler,Google Search,Fully Meets,5,4,0,2/1/16,0,2
10002,Anderson,Linda,0,0,0,1,5,4,0,57568,0,19,Production Technician I,MA,01844,5/22/77,F,Single,US Citizen,No,White,1/9/12,,N/A-StillEmployed,Active,Production       ,11,Amy,Dunn,LinkedIn,Exceeds,5,5,0,1/7/19,0,15
10194,Andreola,Colby,0,0,0,1,4,3,0,95660,0,24,Software Engineer,MA,02110,5/24/79,F,Single,US Citizen,No,White,11/10/14,,N/A-StillEmployed,Active,Software Engineering,10,Alex,Sweetwater,LinkedIn,Fully Meets,3.04,3,4,1/2/19,0,19
10062,Athwal,Sam,0,4,1,1,5,3,0,59365,0,19,Production Technician I,MA,02199,2/18/83,M ,Widowed,US Citizen,No,White,9/30/13,,N/A-StillEmployed,Active,Production       ,19,Ketsia,Liebig,Employee Referral,Fully Meets,5,4,0,2/25/19,0,19
10114,Bachiochi,Linda,0,0,0,3,5,3,1,47837,0,19,Production Technician I,MA,01902,2/11/70,F,Single,US Citizen,No,Black or African American,7/6/09,,N/A-StillEmployed,Active,Production       ,12,Brannon,Miller,Diversity Job Fair,Fully Meets,4.46,3,0,1/25/19,0,4
10250,Bacong,Alejandro,0,2,1,1,3,3,0,50178,0,14,IT Support,MA,01886,1/7/88,M ,Divorced,US Citizen,No,White,1/5/15,,N/A-StillEmployed,Active,IT/IS,7,Peter,Monroe,Indeed,Fully Meets,5,5,6,2/18/19,0,16
10252,Baczenski,Rachael,1,1,0,5,5,3,1,54670,1,19,Production Technician I,MA,01902,1/12/74,F,Married,US Citizen,Yes,Black or African American,1/10/11,1/12/17,Another position,Voluntarily Terminated,Production       ,14,David,Stanley,Diversity Job Fair,Fully Meets,4.2,4,0,1/30/16,0,12
10242,Barbara,Thomas,1,1,1,5,5,3,1,47211,1,19,Production Technician I,MA,02062,2/21/74,M ,Married,US Citizen,Yes,Black or African American,4/2/12,9/19/16,unhappy,Voluntarily Terminated,Production       ,20,Kissy,Sullivan,Diversity Job Fair,Fully Meets,4.2,3,0,5/6/16,0,15
10012,Barbossa,Hector,0,2,1,1,3,4,1,92328,0,9,Data Analyst,TX,78230,7/4/88,M ,Divorced,US Citizen,No,Black or African American,11/10/14,,N/A-StillEmployed,Active,IT/IS,4,Simon,Roup,Diversity Job Fair,Exceeds,4.28,4,5,2/25/19,0,9
10265,Barone,Francesco,0,0,1,1,5,3,0,58709,0,19,Production Technician I,MA,01810,7/20/83,M ,Single,US Citizen,No,Two or more races,2/20/12,,N/A-StillEmployed,Active,Production       ,18,Kelley,Spirea,Google Search,Fully Meets,4.6,4,0,2/14/19,0,7
10066,Barton,Nader,0,2,1,5,5,3,0,52505,1,19,Production Technician I,MA,02747,7/15/77,M ,Divorced,US Citizen,No,White,9/24/12,4/6/17,Another position,Voluntarily Terminated,Production       ,22,Michael,Albert,On-line Web application,Fully Meets,5,5,0,3/2/17,0,1
10061,Bates,Norman,0,0,1,4,5,3,0,57834,1,19,Production Technician I,MA,02050,10/18/81,M ,Single,US Citizen,No,White,2/21/11,8/4/17,attendance,Terminated for Cause,Production       ,18,Kelley,Spirea,Google Search,Fully Meets,5,4,0,4/5/17,0,20
10023,Beak,Kimberly,1,1,0,2,5,4,0,70131,0,20,Production Technician II,MA,02145,,F,Married,US Citizen,No,White,7/21/16,,N/A-StillEmployed,Active,Production       ,18,Kelley,Spirea,Employee Referral,Exceeds,4.4,3,0,1/14/19,0,16
10055,Beatrice,Courtney,0,0,0,1,5,3,0,59026,0,19,Production Technician I,MA,01915,10/27/70,F,Single,Eligible NonCitizen,No,White,4/4/11,,N/A-StillEmployed,Active,Production       ,16,Elijiah,Gray,Google Search,Fully Meets,5,5,0,1/14/19,0,12
10245,Becker,Renee,0,0,0,4,3,3,0,110000,1,8,Database Administrator,MA,02026,4/4/86,F,Single,US Citizen,Yes,White,7/7/14,9/12/15,performance,Terminated for Cause,IT/IS,4,Simon,Roup,Google Search,Fully Meets,4.5,4,5,1/15/15,0,8
10277,Becker,Scott,0,0,1,3,5,3,0,53250,0,19,Production Technician I,MA,02452,4/6/79,M ,Single,US Citizen,No,Asian,7/8/13,,N/A-StillEmployed,Active,Production       ,,Webster,Butler,LinkedIn,Fully Meets,4.2,4,0,1/11/19,0,13
10046,Bernstein,Sean,0,0,1,1,5,3,0,51044,0,19,Production Technician I,MA,02072,12/22/70,M ,Single,US Citizen,Yes,White,4/2/12,,N/A-StillEmployed,Active,Production       ,11,Amy,Dunn,Google Search,Fully Meets,5,3,0,1/14/19,0,13
10226,Biden,Lowan,0,2,0,1,5,3,0,64919,0,19,Production Technician I,MA,02027,,F,Divorced,US Citizen,No,Asian,8/19/13,,N/A-StillEmployed,Active,Production       ,19,Ketsia,Liebig,Indeed,Fully Meets,4.2,3,0,1/10/19,0,2
10003,Billis,Helen,1,1,0,1,5,4,0,62910,0,19,Production Technician I,MA,02031,9/1/89,F,Married,US Citizen,No,White,7/7/14,,N/A-StillEmployed,Active,Production       ,12,Brannon,Miller,Indeed,Exceeds,5,3,0,2/27/19,0,19
10294,Blount,Dianna,0,0,0,1,5,2,0,66441,0,20,Production Technician II,MA,02171,9/21/90,F,Single,US Citizen,No,White,4/4/11,,N/A-StillEmployed,Active,Production       ,22,Michael,Albert,CareerBuilder,Needs Improvement,2,3,0,2/27/19,2,3
10267,Bondwell,Betsy,0,0,0,5,5,3,0,57815,1,20,Production Technician II,MA,02210,,F,Single,US Citizen,No,White,1/10/11,4/4/14,career change,Voluntarily Terminated,Production       ,16,Elijiah,Gray,Google Search,Fully Meets,4.8,5,0,3/4/14,0,5
10199,Booth,Frank,0,0,1,4,3,3,0,103613,1,30,Enterprise Architect,CT,06033,,M ,Single,US Citizen,No,Black or African American,2/17/14,2/19/16,Learned that he is a gangster,Terminated for Cause,IT/IS,4,Simon,Roup,LinkedIn,Fully Meets,3.5,5,7,1/10/16,0,2
10081,Boutwell,Bonalyn,1,1,0,1,1,3,1,106367,0,26,Sr. Accountant,MA,02468,4/4/87,F,Married,US Citizen,No,Black or African American,2/16/15,,N/A-StillEmployed,Active,Admin Offices,3,Brandon,LeBlanc,Diversity Job Fair,Fully Meets,5,4,3,2/18/19,0,4
10175,Bozzi,Charles,0,0,1,5,5,3,0,74312,1,18,Production Manager,MA,01901,3/10/70,M ,Single,US Citizen,No,Asian,9/30/13,8/7/14,retiring,Voluntarily Terminated,Production       ,2,Janet,King,Indeed,Fully Meets,3.39,3,0,2/20/14,0,14
10177,Brill,Donna,1,1,0,5,5,3,0,53492,1,19,Production Technician I,MA,01701,8/24/90,F,Married,US Citizen,No,White,4/2/12,6/15/13,Another position,Voluntarily Terminated,Production       ,14,David,Stanley,Google Search,Fully Meets,3.35,4,0,3/4/13,0,6
10238,Brown,Mia,1,1,0,1,1,3,1,63000,0,1,Accountant I,MA,01450,11/24/87,F,Married,US Citizen,No,Black or African American,10/27/08,,N/A-StillEmployed,Active,Admin Offices,1,Brandon,LeBlanc,Diversity Job Fair,Fully Meets,4.5,2,6,1/15/19,0,14
10184,Buccheri,Joseph,0,0,1,1,5,3,0,65288,0,20,Production Technician II,MA,01013,7/28/83,M ,Single,US Citizen,No,White,9/29/14,,N/A-StillEmployed,Active,Production       ,,Webster,Butler,Google Search,Fully Meets,3.19,3,0,2/1/19,0,9
10203,Bugali,Josephine,0,3,0,3,5,3,1,64375,0,19,Production Technician I,MA,02043,,F,Separated,US Citizen,No,Black or African American,11/11/13,,N/A-StillEmployed,Active,Production       ,20,Kissy,Sullivan,Diversity Job Fair,Fully Meets,3.5,5,0,1/21/19,0,17
10188,Bunbury,Jessica,1,1,0,5,6,3,0,74326,1,3,Area Sales Manager,VA,21851,,F,Married,Eligible NonCitizen,No,Black or African American,8/15/11,8/2/14,Another position,Voluntarily Terminated,Sales,17,John,Smith,Google Search,Fully Meets,3.14,5,0,2/10/13,1,19
10107,Burke,Joelle,0,0,0,1,5,3,0,63763,0,20,Production Technician II,MA,02148,3/2/80,F,Single,US Citizen,No,Black or African American,3/5/12,,N/A-StillEmployed,Active,Production       ,11,Amy,Dunn,Employee Referral,Fully Meets,4.51,4,0,2/21/19,0,3
10181,Burkett,Benjamin,1,1,1,1,5,3,0,62162,0,20,Production Technician II,MA,01890,8/19/77,M ,Married,US Citizen,No,White,4/4/11,,N/A-StillEmployed,Active,Production       ,19,Ketsia,Liebig,Indeed,Fully Meets,3.25,5,0,1/14/19,0,15
10150,Cady,Max,0,0,1,1,4,3,0,77692,0,25,Software Engineering Manager,MA,02184,,M ,Single,US Citizen,No,White,8/15/11,,N/A-StillEmployed,Active,Software Engineering,5,Jennifer,Zamora,Google Search,Fully Meets,3.84,3,5,1/21/19,0,4
10001,Candie,Calvin,0,0,1,1,5,4,0,72640,0,18,Production Manager,MA,02169,8/9/83,M ,Single,US Citizen,No,White,1/28/16,,N/A-StillEmployed,Active,Production       ,2,Janet,King,Indeed,Exceeds,5,3,0,2/22/19,0,14
10085,Carabbio,Judith,0,0,0,1,4,3,0,93396,0,24,Software Engineer,MA,02132,4/5/87,F,Single,US Citizen,No,White,11/11/13,,N/A-StillEmployed,Active,Software Engineering,10,Alex,Sweetwater,Indeed,Fully Meets,4.96,4,6,1/30/19,0,3
10115,Carey,Michael,0,0,1,1,5,3,0,52846,0,19,Production Technician I,MA,01701,2/2/83,M ,Single,US Citizen,No,Black or African American,3/31/14,,N/A-StillEmployed,Active,Production       ,18,Kelley,Spirea,LinkedIn,Fully Meets,4.43,3,0,2/1/19,0,14
10082,Carr,Claudia,0,0,0,2,3,3,0,100031,0,27,Sr. DBA,MA,01886,6/6/86,F,Single,US Citizen,No,Black or African American,6/30/16,,N/A-StillEmployed,Active,IT/IS,4,Simon,Roup,LinkedIn,Fully Meets,5,5,6,2/18/19,0,7
10040,Carter,Michelle,0,0,0,1,6,3,0,71860,0,3,Area Sales Manager,VT,05664,,F,Single,US Citizen,No,White,8/18/14,,N/A-StillEmployed,Active,Sales,17,John,Smith,Indeed,Fully Meets,5,5,0,1/21/19,0,7
10067,Chace,Beatrice,0,0,0,1,5,3,0,61656,0,19,Production Technician I,MA,02763,,F,Single,US Citizen,No,White,9/29/14,,N/A-StillEmployed,Active,Production       ,22,Michael,Albert,Google Search,Fully Meets,5,4,0,2/12/19,0,11
10108,Champaigne,Brian,1,1,1,1,3,3,0,110929,0,5,BI Director,MA,02045,2/9/72,M ,Married,US Citizen,No,White,9/6/16,,N/A-StillEmployed,Active,IT/IS,5,Jennifer,Zamora,Indeed,Fully Meets,4.5,5,7,1/15/19,0,8
10210,Chan,Lin,0,0,0,1,5,3,0,54237,0,19,Production Technician I,MA,02170,2/12/79,F,Single,US Citizen,No,White,5/12/14,,N/A-StillEmployed,Active,Production       ,16,Elijiah,Gray,Indeed,Fully Meets,3.3,4,0,2/19/19,0,11
10154,Chang,Donovan,0,0,1,1,5,3,0,60380,0,19,Production Technician I,MA,01845,8/24/83,M ,Single,US Citizen,No,White,7/8/13,,N/A-StillEmployed,Active,Production       ,,Webster,Butler,LinkedIn,Fully Meets,3.8,5,0,1/14/19,0,4
10200,Chigurh,Anton,0,0,1,1,6,3,0,66808,0,3,Area Sales Manager,TX,78207,6/11/70,M ,Single,Eligible NonCitizen,No,Black or African American,5/14/12,,N/A-StillEmployed,Active,Sales,21,Lynn,Daneault,Employee Referral,Fully Meets,3,5,0,1/19/19,0,17
10240,Chivukula,Enola,0,0,0,5,5,3,0,64786,1,19,Production Technician I,MA,01775,8/27/83,F,Single,US Citizen,No,White,6/27/11,11/15/15,relocation out of area,Voluntarily Terminated,Production       ,11,Amy,Dunn,Indeed,Fully Meets,4.3,4,0,3/10/15,0,3
10168,Cierpiszewski,Caroline,0,0,0,1,5,3,0,64816,0,19,Production Technician I,MA,02044,5/31/88,F,Single,Non-Citizen,No,Black or African American,10/3/11,,N/A-StillEmployed,Active,Production       ,19,Ketsia,Liebig,Indeed,Fully Meets,3.58,5,0,1/30/19,0,3
10220,Clayton,Rick,0,0,1,1,3,3,0,68678,0,14,IT Support,MA,02170,9/5/85,M ,Single,US Citizen,No,White,9/5/12,,N/A-StillEmployed,Active,IT/IS,6,Eric,Dougall,Indeed,Fully Meets,4.7,3,6,2/27/19,0,2
10275,Cloninger,Jennifer,1,1,0,5,5,3,0,64066,1,20,Production Technician II,MA,01752,8/31/81,F,Married,US Citizen,No,White,5/16/11,1/7/13,unhappy,Voluntarily Terminated,Production       ,12,Brannon,Miller,Google Search,Fully Meets,4.2,5,0,5/3/12,0,9
10269,Close,Phil,1,1,1,5,5,3,0,59369,1,20,Production Technician II,MA,02169,11/25/78,M ,Married,US Citizen,No,White,8/30/10,9/26/11,career change,Voluntarily Terminated,Production       ,14,David,Stanley,Indeed,Fully Meets,4.2,4,0,5/4/11,0,6
10029,Clukey,Elijian,1,1,1,2,5,4,0,50373,0,19,Production Technician I,MA,02134,8/26/80,M ,Married,US Citizen,No,White,7/6/16,,N/A-StillEmployed,Active,Production       ,12,Brannon,Miller,Employee Referral,Exceeds,4.1,4,0,2/28/19,0,5
10261,Cockel,James,0,0,1,1,5,3,0,63108,0,19,Production Technician I,MA,02452,9/8/77,M ,Single,US Citizen,No,White,7/8/13,,N/A-StillEmployed,Active,Production       ,14,David,Stanley,Employee Referral,Fully Meets,4.4,5,0,1/14/19,0,3
10292,Cole,Spencer,0,0,1,4,5,2,0,59144,1,19,Production Technician I,MA,01880,8/12/79,M ,Single,US Citizen,No,Black or African American,7/11/11,9/23/16,performance,Terminated for Cause,Production       ,20,Kissy,Sullivan,LinkedIn,Needs Improvement,2,3,0,5/1/16,5,16
10282,Corleone,Michael,0,2,1,1,5,2,0,68051,0,18,Production Manager,MA,01803,12/17/75,M ,Divorced,US Citizen,No,White,7/20/10,,N/A-StillEmployed,Active,Production       ,2,Janet,King,CareerBuilder,Needs Improvement,4.13,2,0,1/14/19,3,3
10019,Corleone,Vito,0,0,1,1,5,4,0,170500,0,10,Director of Operations,MA,02030,3/19/83,M ,Single,US Citizen,No,Black or African American,1/5/09,,N/A-StillEmployed,Active,Production       ,2,Janet,King,Indeed,Exceeds,3.7,5,0,2/4/19,0,15
10094,Cornett,Lisa,1,1,0,1,5,3,0,63381,0,19,Production Technician I,MA,02189,3/31/77,F,Married,US Citizen,Yes,White,1/5/15,,N/A-StillEmployed,Active,Production       ,18,Kelley,Spirea,Indeed,Fully Meets,4.73,5,0,2/14/19,0,6
10193,Costello,Frank,1,1,1,1,3,3,0,83552,0,9,Data Analyst,MA,01810,8/26/86,M ,Married,US Citizen,No,White,3/30/15,,N/A-StillEmployed,Active,IT/IS,4,Simon,Roup,Indeed,Fully Meets,3.04,3,6,1/22/19,0,2
10132,Crimmings,Jean,0,0,0,2,5,3,0,56149,0,19,Production Technician I,MA,01821,4/10/87,F,Single,US Citizen,No,White,7/6/16,,N/A-StillEmployed,Active,Production       ,22,Michael,Albert,LinkedIn,Fully Meets,4.12,5,0,1/28/19,0,15
10083,Cross,Noah,0,0,1,1,3,3,0,92329,0,28,Sr. Network Engineer,CT,06278,,M ,Single,US Citizen,No,White,11/10/14,,N/A-StillEmployed,Active,IT/IS,7,Peter,Monroe,Employee Referral,Fully Meets,5,3,4,1/2/19,0,5
10099,Daneault,Lynn,0,0,0,1,6,3,0,65729,0,21,Sales Manager,VT,05473,4/19/90,F,Single,US Citizen,No,White,5/5/14,,N/A-StillEmployed,Active,Sales,15,Debra,Houlihan,Indeed,Fully Meets,4.62,4,0,1/24/19,0,8
10212,Daniele,Ann,1,1,0,3,3,3,0,85028,0,28,Sr. Network Engineer,CT,06033,,F,Married,US Citizen,No,White,11/10/14,,N/A-StillEmployed,Active,IT/IS,7,Peter,Monroe,LinkedIn,Fully Meets,3.1,5,8,2/12/19,0,19
10056,Darson,Jene'ya,1,1,0,1,5,3,0,57583,0,19,Production Technician I,MA,02110,11/5/78,F,Married,US Citizen,No,White,7/2/12,,N/A-StillEmployed,Active,Production       ,16,Elijiah,Gray,Indeed,Fully Meets,5,3,0,2/25/19,0,1
10143,Davis,Daniel,0,0,1,1,5,3,0,56294,0,20,Production Technician II,MA,02458,9/14/79,M ,Single,Eligible NonCitizen,No,Two or more races,11/7/11,,N/A-StillEmployed,Active,Production       ,20,Kissy,Sullivan,LinkedIn,Fully Meets,3.96,4,0,2/27/19,0,6
10311,Dee,Randy,1,1,1,1,6,1,0,56991,0,19,Production Technician I,MA,02138,4/15/88,M ,Married,US Citizen,No,White,7/9/18,,N/A-StillEmployed,Active,Production       ,12,Brannon,Miller,Indeed,Fully Meets,4.3,4,3,1/31/19,2,2
10070,DeGweck,James,1,1,1,5,5,3,0,55722,1,19,Production Technician I,MA,01810,10/31/77,M ,Married,US Citizen,No,White,5/16/11,6/8/16,unhappy,Voluntarily Terminated,Production       ,39,Webster,Butler,Indeed,Fully Meets,5,4,0,4/2/16,0,14
10155,Del Bosque,Keyla,0,0,0,1,4,3,0,101199,0,24,Software Engineer,MA,02176,7/5/79,F,Single,US Citizen,No,Black or African American,1/9/12,,N/A-StillEmployed,Active,Software Engineering,10,Alex,Sweetwater,CareerBuilder,Fully Meets,3.79,5,5,1/25/19,0,8
10306,Delarge,Alex,0,0,1,1,6,1,0,61568,0,3,Area Sales Manager,AL,36006,11/2/75,M ,Single,US Citizen,No,Two or more races,9/29/14,,N/A-StillEmployed,Active,Sales,17,John,Smith,Indeed,PIP,1.93,3,0,1/30/19,6,5
10100,Demita,Carla,0,3,0,5,5,3,0,58275,1,20,Production Technician II,MA,02343,,F,Separated,US Citizen,No,Black or African American,4/4/11,11/4/15,more money,Voluntarily Terminated,Production       ,18,Kelley,Spirea,Google Search,Fully Meets,4.62,5,0,5/6/15,0,1
10310,Desimone,Carl,1,1,1,1,5,1,0,53189,0,19,Production Technician I,MA,02061,,M ,Married,US Citizen,No,White,7/7/14,,N/A-StillEmployed,Active,Production       ,11,Amy,Dunn,Indeed,PIP,1.12,2,0,1/31/19,4,9
10197,DeVito,Tommy,0,0,1,1,3,3,0,96820,0,4,BI Developer,MA,02045,9/4/83,M ,Single,US Citizen,No,White,2/15/17,,N/A-StillEmployed,Active,IT/IS,13,Brian,Champaigne,Indeed,Fully Meets,3.01,5,7,1/23/19,0,15
10276,Dickinson,Geoff,0,0,1,1,5,3,0,51259,0,19,Production Technician I,MA,02180,11/15/82,M ,Single,US Citizen,No,White,5/12/14,,N/A-StillEmployed,Active,Production       ,19,Ketsia,Liebig,Indeed,Fully Meets,4.3,4,0,2/19/19,0,1
10304,Dietrich,Jenna,0,0,0,1,6,1,0,59231,0,3,Area Sales Manager,WA,98052,5/14/87,F,Single,US Citizen,Yes,White,2/20/12,,N/A-StillEmployed,Active,Sales,17,John,Smith,Website,PIP,2.3,1,0,1/29/19,2,17
10284,DiNocco,Lily,1,1,0,1,5,2,0,61584,0,19,Production Technician I,MA,02351,12/2/78,F,Married,US Citizen,No,Black or African American,1/7/13,,N/A-StillEmployed,Active,Production       ,12,Brannon,Miller,Indeed,Needs Improvement,3.88,4,0,1/18/19,0,6
10207,Dobrin,Denisa,0,0,0,1,5,3,0,46335,0,19,Production Technician I,MA,02125,10/7/86,F,Single,US Citizen,Yes,White,4/2/12,,N/A-StillEmployed,Active,Production       ,14,David,Stanley,CareerBuilder,Fully Meets,3.4,5,0,2/19/19,0,15
10133,Dolan,Linda,1,1,0,1,3,3,0,70621,0,14,IT Support,MA,02119,7/18/88,F,Married,US Citizen,No,White,1/5/15,,N/A-StillEmployed,Active,IT/IS,7,Peter,Monroe,Employee Referral,Fully Meets,4.11,4,6,2/25/19,0,16
10028,Dougall,Eric,0,0,1,1,3,4,0,138888,0,13,IT Manager - Support,MA,01886,7/9/70,M ,Single,US Citizen,No,Black or African American,1/5/14,,N/A-StillEmployed,Active,IT/IS,5,Jennifer,Zamora,Indeed,Exceeds,4.3,5,5,1/4/19,0,4
10006,Driver,Elle,0,0,0,1,6,4,0,74241,0,3,Area Sales Manager,CA,90007,11/8/88,F,Single,US Citizen,No,White,1/10/11,,N/A-StillEmployed,Active,Sales,21,Lynn,Daneault,Indeed,Exceeds,4.77,5,0,1/27/19,0,14
10105,Dunn,Amy,0,0,0,1,5,3,0,75188,0,18,Production Manager,MA,01731,11/28/73,F,Single,US Citizen,No,White,9/18/14,,N/A-StillEmployed,Active,Production       ,2,Janet,King,Google Search,Fully Meets,4.52,4,0,1/15/19,0,4
10211,Dunne,Amy,1,1,0,1,5,3,0,62514,0,19,Production Technician I,MA,01749,9/23/73,F,Married,US Citizen,No,White,4/26/10,,N/A-StillEmployed,Active,Production       ,19,Ketsia,Liebig,Google Search,Fully Meets,2.9,3,0,1/21/19,0,6
10064,Eaton,Marianne,1,1,0,5,5,3,0,60070,1,19,Production Technician I,MA,02343,9/5/91,F,Married,US Citizen,No,White,4/4/11,6/6/17,military,Voluntarily Terminated,Production       ,20,Kissy,Sullivan,Google Search,Fully Meets,5,3,0,4/9/17,0,7
10247,Engdahl,Jean,0,0,1,1,5,3,0,48888,0,19,Production Technician I,MA,02026,5/31/74,M ,Single,US Citizen,No,White,11/10/14,,N/A-StillEmployed,Active,Production       ,18,Kelley,Spirea,LinkedIn,Fully Meets,4.7,5,0,2/13/19,0,8
10235,England,Rex,1,1,1,1,5,3,0,54285,0,19,Production Technician I,MA,02045,8/25/78,M ,Married,US Citizen,No,White,3/31/14,,N/A-StillEmployed,Active,Production       ,18,Kelley,Spirea,Employee Referral,Fully Meets,4.2,3,0,1/11/19,0,3
10299,Erilus,Angela,0,3,0,1,5,1,0,56847,0,20,Production Technician II,MA,02133,8/25/89,F,Separated,US Citizen,No,White,7/7/14,,N/A-StillEmployed,Active,Production       ,22,Michael,Albert,Indeed,PIP,3,1,0,2/25/19,2,5
10280,Estremera,Miguel,0,0,1,4,5,2,0,60340,1,19,Production Technician I,MA,02129,9/2/83,M ,Single,US Citizen,No,White,4/2/12,9/27/18,attendance,Terminated for Cause,Production       ,22,Michael,Albert,Google Search,Needs Improvement,5,4,0,4/12/18,5,16
10296,Evensen,April,0,0,0,4,5,2,0,59124,1,19,Production Technician I,MA,02458,5/6/89,F,Single,US Citizen,No,White,2/17/14,2/25/18,"no-call, no-show",Terminated for Cause,Production       ,16,Elijiah,Gray,Google Search,Needs Improvement,2.3,3,0,1/15/17,5,19
10290,Exantus,Susan,1,1,0,4,4,2,0,99280,1,24,Software Engineer,MA,01749,5/15/87,F,Married,US Citizen,No,Black or African American,5/2/11,6/5/13,attendance,Terminated for Cause,Software Engineering,10,Alex,Sweetwater,Indeed,Needs Improvement,2.1,5,4,8/10/12,4,19
10263,Faller,Megan,1,1,0,1,5,3,0,71776,0,20,Production Technician II,MA,01824,9/22/78,F,Married,US Citizen,No,Black or African American,7/7/14,,N/A-StillEmployed,Active,Production       ,16,Elijiah,Gray,LinkedIn,Fully Meets,4.4,5,0,2/22/19,0,17
10136,Fancett,Nicole,0,0,0,1,5,3,0,65902,0,20,Production Technician II,MA,02324,9/27/87,F,Single,US Citizen,No,Black or African American,2/17/14,,N/A-StillEmployed,Active,Production       ,,Webster,Butler,LinkedIn,Fully Meets,4,4,0,1/7/19,0,7
10189,Ferguson,Susan,1,1,0,5,5,3,0,57748,1,19,Production Technician I,MA,02176,,F,Married,US Citizen,No,White,11/7/11,5/17/16,military,Voluntarily Terminated,Production       ,39,Webster,Butler,Google Search,Fully Meets,3.13,3,0,2/4/16,0,16
10308,Fernandes,Nilson,1,1,1,1,5,1,0,64057,0,19,Production Technician I,MA,02132,10/18/89,M ,Married,US Citizen,No,White,5/11/15,,N/A-StillEmployed,Active,Production       ,11,Amy,Dunn,Indeed,PIP,1.56,5,0,1/3/19,6,15
10309,Fett,Boba,0,0,1,1,3,1,0,53366,0,15,Network Engineer,MA,02138,6/18/87,M ,Single,US Citizen,No,White,3/30/15,,N/A-StillEmployed,Active,IT/IS,7,Peter,Monroe,LinkedIn,PIP,1.2,3,6,2/4/19,3,2
10049,Fidelia,Libby,1,1,0,1,5,3,0,58530,0,19,Production Technician I,MA,02155,3/16/81,F,Married,US Citizen,No,White,1/9/12,,N/A-StillEmployed,Active,Production       ,12,Brannon,Miller,Google Search,Fully Meets,5,5,0,1/29/19,0,19
10093,Fitzpatrick,Michael,0,0,1,5,5,3,0,72609,1,20,Production Technician II,MA,02143,10/1/81,M ,Single,US Citizen,Yes,White,5/16/11,6/24/13,hours,Voluntarily Terminated,Production       ,11,Amy,Dunn,Google Search,Fully Meets,4.76,5,0,4/5/13,0,20
10163,Foreman,Tanya,1,1,0,5,5,3,0,55965,1,20,Production Technician II,MA,02170,11/8/83,F,Married,US Citizen,No,White,4/4/11,1/9/13,career change,Voluntarily Terminated,Production       ,19,Ketsia,Liebig,Google Search,Fully Meets,3.66,3,0,1/7/12,0,6
10305,Forrest,Alex,1,1,1,1,6,3,0,70187,1,3,Area Sales Manager,MA,02330,7/7/75,M ,Married,US Citizen,No,White,9/29/14,8/19/18,Fatal attraction,Terminated for Cause,Sales,21,Lynn,Daneault,Employee Referral,PIP,2,5,0,1/28/19,4,7
10015,Foss,Jason,0,0,1,1,3,4,0,178000,0,12,IT Director,MA,01460,7/5/80,M ,Single,US Citizen,No,Black or African American,4/15/11,,N/A-StillEmployed,Active,IT/IS,5,Jennifer,Zamora,Indeed,Exceeds,5,5,5,1/7/19,0,15
10080,Foster-Baker,Amy,1,1,0,1,1,3,0,99351,0,26,Sr. Accountant,MA,02050,4/16/79,F,Married,US Citizen,no,White,1/5/09,,N/A-StillEmployed,Active,Admin Offices,9,Board,Directors,Other,Fully Meets,5,3,2,2/8/19,0,3
10258,Fraval,Maruk,0,0,1,1,6,3,0,67251,0,3,Area Sales Manager,CT,06050,,M ,Single,US Citizen,No,Black or African American,9/6/11,,N/A-StillEmployed,Active,Sales,21,Lynn,Daneault,CareerBuilder,Fully Meets,4.3,3,0,1/27/19,2,7
10273,Galia,Lisa,0,0,0,1,3,3,0,65707,0,14,IT Support,CT,06040,,F,Single,US Citizen,No,White,5/1/10,,N/A-StillEmployed,Active,IT/IS,6,Eric,Dougall,LinkedIn,Fully Meets,4.7,4,5,2/1/19,0,1
10111,Garcia,Raul,0,0,1,1,5,3,0,52249,0,19,Production Technician I,MA,01905,9/15/85,M ,Single,US Citizen,Yes,White,3/30/15,,N/A-StillEmployed,Active,Production       ,14,David,Stanley,Employee Referral,Fully Meets,4.5,3,0,2/18/19,0,5
10257,Gaul,Barbara,0,0,0,1,5,3,0,53171,0,19,Production Technician I,MA,02121,12/2/83,F,Single,US Citizen,Yes,Black or African American,5/16/11,,N/A-StillEmployed,Active,Production       ,18,Kelley,Spirea,LinkedIn,Fully Meets,4.2,4,0,2/26/19,0,12
10159,Gentry,Mildred,1,1,0,1,5,3,0,51337,0,19,Production Technician I,MA,02145,10/1/90,F,Married,US Citizen,No,Black or African American,3/30/15,,N/A-StillEmployed,Active,Production       ,22,Michael,Albert,LinkedIn,Fully Meets,3.73,3,0,1/16/19,0,19
10122,Gerke,Melisa,0,2,0,5,5,3,1,51505,1,19,Production Technician I,MA,02330,5/15/70,F,Divorced,US Citizen,No,Black or African American,11/7/11,11/15/16,hours,Voluntarily Terminated,Production       ,16,Elijiah,Gray,Diversity Job Fair,Fully Meets,4.24,4,0,4/29/16,0,2
10142,Gill,Whitney,0,4,0,4,6,3,0,59370,1,3,Area Sales Manager,OH,43050,7/10/71,F,Widowed,US Citizen,No,Black or African American,7/7/14,9/5/15,attendance,Terminated for Cause,Sales,17,John,Smith,CareerBuilder,Fully Meets,3.97,4,0,1/15/14,0,7
10283,Gilles,Alex,1,1,1,5,5,2,1,54933,1,19,Production Technician I,MA,02062,8/9/74,M ,Married,US Citizen,No,Black or African American,4/2/12,6/25/15,military,Voluntarily Terminated,Production       ,39,Webster,Butler,Diversity Job Fair,Needs Improvement,3.97,4,0,1/20/15,3,15
10018,Girifalco,Evelyn,0,0,0,1,5,4,0,57815,0,19,Production Technician I,MA,02451,5/8/80,F,Single,US Citizen,Yes,Two or more races,9/29/14,,N/A-StillEmployed,Active,Production       ,11,Amy,Dunn,Indeed,Exceeds,3.9,4,0,2/7/19,0,3
10255,Givens,Myriam,0,0,0,1,6,3,0,61555,0,3,Area Sales Manager,IN,46204,9/22/89,F,Single,US Citizen,No,White,2/16/15,,N/A-StillEmployed,Active,Sales,21,Lynn,Daneault,Indeed,Fully Meets,4.5,5,0,1/25/19,0,20
10246,Goble,Taisha,0,0,0,4,3,3,0,114800,1,8,Database Administrator,MA,02127,10/23/71,F,Single,US Citizen,No,White,2/16/15,3/15/15,"no-call, no-show",Terminated for Cause,IT/IS,4,Simon,Roup,Indeed,Fully Meets,4.6,4,4,1/20/15,0,10
10228,Goeth,Amon,1,1,1,1,3,3,0,74679,0,14,IT Support,MA,02135,11/24/89,M ,Married,US Citizen,Yes,White,3/30/15,,N/A-StillEmployed,Active,IT/IS,7,Peter,Monroe,LinkedIn,Fully Meets,4.3,5,7,1/10/19,0,20
10243,Gold,Shenice,0,0,0,1,5,3,0,53018,0,19,Production Technician I,MA,02451,6/18/92,F,Single,US Citizen,Yes,White,11/11/13,,N/A-StillEmployed,Active,Production       ,19,Ketsia,Liebig,Indeed,Fully Meets,4.3,5,0,2/18/19,0,7
10031,Gonzalez,Cayo,0,2,1,1,5,4,1,59892,0,19,Production Technician I,MA,02108,,M ,Divorced,US Citizen,No,Black or African American,7/11/11,,N/A-StillEmployed,Active,Production       ,12,Brannon,Miller,Diversity Job Fair,Exceeds,4.5,4,0,2/18/19,0,1
10300,Gonzalez,Juan,1,1,1,5,5,1,1,68898,1,20,Production Technician II,MA,02128,,M ,Married,US Citizen,No,Black or African American,4/26/10,5/30/11,career change,Voluntarily Terminated,Production       ,12,Brannon,Miller,Diversity Job Fair,PIP,3,3,0,3/6/11,3,10
10101,Gonzalez,Maria,0,3,0,1,3,3,0,61242,0,14,IT Support,MA,02472,4/16/81,F,Separated,US Citizen,Yes,White,1/5/15,,N/A-StillEmployed,Active,IT/IS,7,Peter,Monroe,Employee Referral,Fully Meets,4.61,4,5,1/28/19,0,11
10237,Good,Susan,1,1,0,3,5,3,0,66825,0,20,Production Technician II,MA,01886,5/25/86,F,Married,US Citizen,No,White,5/12/14,,N/A-StillEmployed,Active,Production       ,14,David,Stanley,LinkedIn,Fully Meets,4.6,3,0,2/7/19,0,20
10051,Gordon,David,1,1,1,1,5,3,0,48285,0,19,Production Technician I,MA,02169,5/21/79,M ,Married,US Citizen,No,White,7/2/12,,N/A-StillEmployed,Active,Production       ,14,David,Stanley,LinkedIn,Fully Meets,5,3,0,1/14/19,0,2
10218,Gosciminski,Phylicia,0,3,0,3,5,3,0,66149,0,20,Production Technician II,MA,01824,12/8/83,F,Separated,US Citizen,No,American Indian or Alaska Native,9/30/13,,N/A-StillEmployed,Active,Production       ,20,Kissy,Sullivan,Google Search,Fully Meets,4.4,5,0,2/21/19,0,1
10256,Goyal,Roxana,1,1,0,3,5,3,0,49256,0,19,Production Technician I,MA,01864,10/9/74,F,Married,US Citizen,No,Asian,8/19/13,,N/A-StillEmployed,Active,Production       ,20,Kissy,Sullivan,LinkedIn,Fully Meets,4.1,5,0,2/15/19,0,3
10098,Gray,Elijiah,0,2,1,1,5,3,0,62957,0,18,Production Manager,MA,01752,7/11/81,M ,Divorced,US Citizen,No,White,6/2/15,,N/A-StillEmployed,Active,Production       ,2,Janet,King,Employee Referral,Fully Meets,4.63,3,0,1/4/19,0,2
10059,Gross,Paula,0,2,0,5,5,3,0,63813,1,19,Production Technician I,MA,02176,5/21/83,F,Divorced,US Citizen,No,White,2/21/11,1/11/14,more money,Voluntarily Terminated,Production       ,18,Kelley,Spirea,CareerBuilder,Fully Meets,5,5,0,6/3/13,0,17
10234,Gruber,Hans,1,1,1,1,3,3,0,99020,0,4,BI Developer,MA,02134,6/30/89,M ,Married,US Citizen,No,Black or African American,4/20/17,,N/A-StillEmployed,Active,IT/IS,13,Brian,Champaigne,Indeed,Fully Meets,4.2,5,5,1/28/19,0,8
10109,Guilianno,Mike,0,0,1,5,6,3,0,71707,1,3,Area Sales Manager,TN,37129,,M ,Single,US Citizen,No,Two or more races,3/7/12,10/31/14,relocation out of area,Voluntarily Terminated,Sales,17,John,Smith,LinkedIn,Fully Meets,4.5,5,0,2/1/13,0,20
10125,Handschiegl,Joanne,1,1,0,1,5,3,0,54828,0,19,Production Technician I,MA,02127,3/23/77,F,Married,US Citizen,No,White,11/28/11,,N/A-StillEmployed,Active,Production       ,22,Michael,Albert,Google Search,Fully Meets,4.2,4,0,2/22/19,0,13
10074,Hankard,Earnest,0,0,1,1,5,3,0,64246,0,20,Production Technician II,MA,02155,8/10/88,M ,Single,US Citizen,Yes,White,11/11/13,,N/A-StillEmployed,Active,Production       ,18,Kelley,Spirea,LinkedIn,Fully Meets,5,3,0,1/8/19,0,20
10097,Harrington,Christie,0,0,0,5,5,3,0,52177,1,19,Production Technician I,MA,02324,,F,Single,US Citizen,No,White,1/9/12,12/15/15,retiring,Voluntarily Terminated,Production       ,39,Webster,Butler,CareerBuilder,Fully Meets,4.64,4,0,5/2/15,0,8
10007,Harrison,Kara,1,1,0,1,5,4,0,62065,0,19,Production Technician I,MA,01886,5/2/74,F,Married,US Citizen,No,White,5/12/14,,N/A-StillEmployed,Active,Production       ,11,Amy,Dunn,CareerBuilder,Exceeds,4.76,4,0,2/15/19,0,5
10129,Heitzman,Anthony,0,0,1,1,5,3,0,46998,0,19,Production Technician I,MA,02149,1/4/84,M ,Single,US Citizen,No,White,8/13/12,,N/A-StillEmployed,Active,Production       ,19,Ketsia,Liebig,Google Search,Fully Meets,4.17,4,0,2/11/19,0,1
10075,Hendrickson,Trina,0,0,0,5,5,3,0,68099,1,20,Production Technician II,MA,02021,8/27/72,F,Single,US Citizen,No,White,1/10/11,6/18/13,hours,Voluntarily Terminated,Production       ,18,Kelley,Spirea,CareerBuilder,Fully Meets,5,3,0,1/30/13,0,15
10167,Hitchcock,Alfred,1,1,1,1,6,3,0,70545,0,3,Area Sales Manager,NH,03062,9/14/88,M ,Married,US Citizen,No,American Indian or Alaska Native,8/18/14,,N/A-StillEmployed,Active,Sales,17,John,Smith,Indeed,Fully Meets,3.6,5,0,1/30/19,0,9
10195,Homberger,Adrienne,1,1,0,5,5,3,0,63478,1,20,Production Technician II,MA,02445,2/16/84,F,Married,Non-Citizen,No,White,8/15/11,4/7/12,relocation out of area,Voluntarily Terminated,Production       ,30,Michael,Albert,Indeed,Fully Meets,3.03,5,0,3/5/12,0,16
10112,Horton,Jayne,0,0,0,1,3,3,0,97999,0,8,Database Administrator,MA,02493,2/21/84,F,Single,US Citizen,No,White,3/30/15,,N/A-StillEmployed,Active,IT/IS,4,Simon,Roup,Indeed,Fully Meets,4.48,5,6,1/3/19,0,4
10272,Houlihan,Debra,1,1,0,1,6,3,0,180000,0,11,Director of Sales,RI,02908,,F,Married,US Citizen,No,White,5/5/14,,N/A-StillEmployed,Active,Sales,2,Janet,King,LinkedIn,Fully Meets,4.5,4,0,1/21/19,0,19
10182,Howard,Estelle,1,1,0,1,1,3,0,49920,1,2,Administrative Assistant,MA,02170,9/16/85,F,Married,US Citizen,No,Black or African American,2/16/15,4/15/15,"no-call, no-show",Terminated for Cause,Admin Offices,1,Brandon,LeBlanc,Indeed,Fully Meets,3.24,3,4,4/15/15,0,6
10248,Hudson,Jane,0,0,0,1,5,3,0,55425,0,19,Production Technician I,MA,02176,6/10/86,F,Single,US Citizen,No,White,2/20/12,,N/A-StillEmployed,Active,Production       ,19,Ketsia,Liebig,LinkedIn,Fully Meets,4.8,4,0,1/7/19,0,4
10201,Hunts,Julissa,0,0,0,2,5,3,0,69340,0,20,Production Technician II,MA,02021,3/11/84,F,Single,US Citizen,No,White,6/6/16,,N/A-StillEmployed,Active,Production       ,16,Elijiah,Gray,LinkedIn,Fully Meets,3,5,0,1/18/19,0,4
10214,Hutter,Rosalie,0,3,0,2,5,3,0,64995,0,20,Production Technician II,MA,02351,5/7/92,F,Separated,US Citizen,No,White,6/5/15,,N/A-StillEmployed,Active,Production       ,,Webster,Butler,Indeed,Fully Meets,4.5,3,0,2/14/19,0,6
10160,Huynh,Ming,0,2,0,5,5,3,0,68182,1,20,Production Technician II,MA,01742,9/22/76,F,Divorced,US Citizen,No,White,2/21/11,4/1/13,unhappy,Voluntarily Terminated,Production       ,11,Amy,Dunn,Google Search,Fully Meets,3.72,3,0,2/1/13,0,18
10289,Immediato,Walter,1,1,1,5,5,2,0,83082,1,18,Production Manager,MA,02128,11/15/76,M ,Married,US Citizen,No,Asian,2/21/11,9/24/12,unhappy,Voluntarily Terminated,Production       ,2,Janet,King,Indeed,Needs Improvement,2.34,2,0,4/12/12,3,4
10139,Ivey,Rose,0,0,0,1,5,3,0,51908,0,19,Production Technician I,MA,01775,1/28/91,F,Single,US Citizen,No,White,8/19/13,,N/A-StillEmployed,Active,Production       ,12,Brannon,Miller,Indeed,Fully Meets,3.99,3,0,1/14/19,0,14
10227,Jackson,Maryellen,0,0,0,1,5,3,0,61242,0,19,Production Technician I,MA,02081,9/11/72,F,Single,US Citizen,No,Black or African American,11/5/12,,N/A-StillEmployed,Active,Production       ,14,David,Stanley,LinkedIn,Fully Meets,4.1,3,0,1/17/19,0,7
10236,Jacobi,Hannah,0,2,0,1,5,3,0,45069,0,19,Production Technician I,MA,01778,,F,Divorced,US Citizen,No,White,9/30/13,,N/A-StillEmployed,Active,Production       ,20,Kissy,Sullivan,Employee Referral,Fully Meets,4.3,5,0,2/22/19,0,7
10009,Jeannite,Tayana,0,2,0,1,5,4,0,60724,0,20,Production Technician II,MA,01821,11/6/86,F,Divorced,US Citizen,No,American Indian or Alaska Native,7/5/11,,N/A-StillEmployed,Active,Production       ,19,Ketsia,Liebig,LinkedIn,Exceeds,4.6,4,0,2/25/19,0,11
10060,Jhaveri,Sneha,0,3,0,1,5,3,0,60436,0,19,Production Technician I,MA,02109,,F,Separated,US Citizen,No,White,1/6/14,,N/A-StillEmployed,Active,Production       ,18,Kelley,Spirea,LinkedIn,Fully Meets,5,5,0,1/21/19,0,9
10034,Johnson,George,1,1,1,5,5,4,0,46837,1,19,Production Technician I,MA,02445,,M ,Married,US Citizen,No,White,11/7/11,4/29/18,more money,Voluntarily Terminated,Production       ,22,Michael,Albert,CareerBuilder,Exceeds,4.7,4,0,2/14/18,0,9
10156,Johnson,Noelle,1,1,0,3,3,3,0,105700,0,8,Database Administrator,MA,02301,11/7/86,F,Married,US Citizen,No,Asian,1/5/15,,N/A-StillEmployed,Active,IT/IS,4,Simon,Roup,Indeed,Fully Meets,3.75,3,5,2/11/19,0,2
10036,Johnston,Yen,0,0,0,1,5,4,0,63322,0,20,Production Technician II,MA,02128,,F,Single,US Citizen,No,White,7/7/14,,N/A-StillEmployed,Active,Production       ,12,Brannon,Miller,LinkedIn,Exceeds,4.3,3,0,1/11/19,0,1
10138,Jung,Judy,1,1,0,5,5,3,0,61154,1,19,Production Technician I,MA,02446,4/17/86,F,Married,US Citizen,No,Black or African American,1/10/11,4/1/16,unhappy,Voluntarily Terminated,Production       ,16,Elijiah,Gray,CareerBuilder,Fully Meets,4,4,0,2/3/16,0,4
10244,Kampew,Donysha,0,0,0,5,6,3,0,68999,1,21,Sales Manager,PA,19444,11/11/89,F,Single,US Citizen,No,White,11/7/11,4/24/14,maternity leave - did not return,Voluntarily Terminated,Sales,15,Debra,Houlihan,Google Search,Fully Meets,4.5,5,0,3/30/13,0,2
10192,Keatts,Kramer,0,0,1,1,5,3,0,50482,0,19,Production Technician I,MA,01887,1/19/76,M ,Single,US Citizen,No,White,9/30/13,,N/A-StillEmployed,Active,Production       ,22,Michael,Albert,Indeed,Fully Meets,3.07,4,0,1/23/19,0,10
10231,Khemmich,Bartholemew,0,0,1,1,6,3,0,65310,0,3,Area Sales Manager,CO,80820,11/27/79,M ,Single,US Citizen,No,White,8/19/13,,N/A-StillEmployed,Active,Sales,21,Lynn,Daneault,Indeed,Fully Meets,4.3,5,0,1/22/19,0,13
10089,King,Janet,1,1,0,1,2,3,0,250000,0,16,President & CEO,MA,01902,,F,Married,US Citizen,Yes,White,7/2/12,,N/A-StillEmployed,Active,Executive Office,9,Board,Directors,Indeed,Fully Meets,4.83,3,0,1/17/19,0,10
10166,Kinsella,Kathleen,1,1,0,5,5,3,0,54005,1,19,Production Technician I,MA,02170,12/8/73,F,Married,US Citizen,No,White,9/26/11,6/4/15,more money,Voluntarily Terminated,Production       ,39,Webster,Butler,Google Search,Fully Meets,3.6,5,0,3/1/15,0,16
10170,Kirill,Alexandra,1,1,0,5,5,3,0,45433,1,19,Production Technician I,MA,02127,10/8/70,F,Married,US Citizen,No,White,9/26/11,1/9/14,more money,Voluntarily Terminated,Production       ,11,Amy,Dunn,Google Search,Fully Meets,3.49,4,0,1/30/13,0,6
10208,Knapp,Bradley,0,0,1,1,5,3,0,46654,0,19,Production Technician I,MA,01721,11/10/77,M ,Single,US Citizen,No,Black or African American,2/17/14,,N/A-StillEmployed,Active,Production       ,19,Ketsia,Liebig,LinkedIn,Fully Meets,3.1,3,0,2/6/19,0,3
10176,Kretschmer,John,1,1,1,1,5,3,0,63973,0,19,Production Technician I,MA,01801,2/2/80,M ,Married,US Citizen,No,Asian,1/10/11,,N/A-StillEmployed,Active,Production       ,12,Brannon,Miller,Indeed,Fully Meets,3.38,3,0,1/21/19,0,17
10165,Kreuger,Freddy,0,0,1,1,6,3,1,71339,0,3,Area Sales Manager,NY,10171,,M ,Single,US Citizen,Yes,Black or African American,3/7/11,,N/A-StillEmployed,Active,Sales,17,John,Smith,Diversity Job Fair,Fully Meets,3.65,5,0,1/17/19,0,20
10113,Lajiri,Jyoti,1,1,1,3,3,3,0,93206,0,28,Sr. Network Engineer,MA,02169,4/23/86,M ,Married,US Citizen,No,White,11/10/14,,N/A-StillEmployed,Active,IT/IS,7,Peter,Monroe,Employee Referral,Fully Meets,4.46,5,6,1/7/19,0,7
10092,Landa,Hans,1,1,1,4,5,3,0,82758,1,18,Production Manager,MA,01890,7/1/72,M ,Married,US Citizen,No,White,1/10/11,12/12/15,attendance,Terminated for Cause,Production       ,2,Janet,King,Employee Referral,Fully Meets,4.78,4,0,2/15/15,0,9
10106,Langford,Lindsey,0,2,0,5,5,3,0,66074,1,20,Production Technician II,MA,02090,7/25/79,F,Divorced,US Citizen,No,Asian,1/7/13,3/31/14,Another position,Voluntarily Terminated,Production       ,14,David,Stanley,Indeed,Fully Meets,4.52,3,0,2/20/14,0,20
10052,Langton,Enrico,1,1,1,1,5,3,0,46120,0,19,Production Technician I,MA,02048,12/9/86,M ,Married,US Citizen,No,White,7/9/12,,N/A-StillEmployed,Active,Production       ,14,David,Stanley,LinkedIn,Fully Meets,5,5,0,2/4/19,0,13
10038,LaRotonda,William,0,2,1,1,1,3,0,64520,0,1,Accountant I,MA,01460,4/26/84,M ,Divorced,US Citizen,No,Black or African American,1/6/14,,N/A-StillEmployed,Active,Admin Offices,1,Brandon,LeBlanc,Website,Fully Meets,5,4,4,1/17/19,0,3
10249,Latif,Mohammed,1,1,1,5,5,3,0,61962,1,20,Production Technician II,MA,02126,5/9/84,M ,Married,US Citizen,No,White,4/2/12,4/15/13,more money,Voluntarily Terminated,Production       ,20,Kissy,Sullivan,Google Search,Fully Meets,4.9,3,0,2/20/13,0,20
10232,Le,Binh,0,0,0,1,3,3,0,81584,0,22,Senior BI Developer,MA,01886,6/14/87,F,Single,US Citizen,No,Asian,10/2/16,,N/A-StillEmployed,Active,IT/IS,13,Brian,Champaigne,Indeed,Fully Meets,4.1,5,7,1/8/19,0,2
10087,Leach,Dallas,0,0,0,5,5,3,0,63676,1,19,Production Technician I,MA,01810,1/17/79,F,Single,US Citizen,No,Asian,9/26/11,8/19/18,return to school,Voluntarily Terminated,Production       ,20,Kissy,Sullivan,CareerBuilder,Fully Meets,4.88,3,0,7/2/17,0,17
10134,LeBlanc,Brandon,1,1,1,1,1,3,0,93046,0,23,Shared Services Manager,MA,01460,6/10/84,M ,Married,US Citizen,No,White,1/5/16,,N/A-StillEmployed,Active,Admin Offices,2,Janet,King,CareerBuilder,Fully Meets,4.1,4,0,1/28/19,0,20
10251,Lecter,Hannibal,1,1,1,1,5,3,0,64738,0,19,Production Technician I,MA,01776,9/2/82,M ,Married,US Citizen,No,Asian,5/14/12,,N/A-StillEmployed,Active,Production       ,16,Elijiah,Gray,Google Search,Fully Meets,4.1,3,0,2/22/19,0,10
10103,Leruth,Giovanni,0,3,1,1,6,3,0,70468,0,3,Area Sales Manager,UT,84111,12/27/88,M ,Separated,US Citizen,No,Black or African American,4/30/12,,N/A-StillEmployed,Active,Sales,17,John,Smith,Website,Fully Meets,4.53,3,0,1/29/19,0,16
10017,Liebig,Ketsia,1,1,0,1,5,4,0,77915,0,18,Production Manager,MA,02110,10/26/81,F,Married,US Citizen,No,White,9/30/13,,N/A-StillEmployed,Active,Production       ,2,Janet,King,Website,Exceeds,4.1,3,0,1/21/19,0,11
10186,Linares,Marilyn,1,1,0,5,5,3,0,52624,1,19,Production Technician I,MA,01886,3/26/81,F,Married,US Citizen,No,White,7/5/11,9/26/18,unhappy,Voluntarily Terminated,Production       ,22,Michael,Albert,Indeed,Fully Meets,3.18,4,0,3/2/18,0,16
10137,Linden,Mathew,1,1,1,3,5,3,0,63450,0,20,Production Technician II,MA,01770,3/19/79,M ,Married,US Citizen,No,White,7/8/13,,N/A-StillEmployed,Active,Production       ,18,Kelley,Spirea,LinkedIn,Fully Meets,4,3,0,2/18/19,0,7
10008,Lindsay,Leonara,0,0,0,1,3,4,1,51777,0,14,IT Support,CT,06070,10/5/88,F,Single,US Citizen,Yes,Black or African American,1/21/11,,N/A-StillEmployed,Active,IT/IS,6,Eric,Dougall,Diversity Job Fair,Exceeds,4.64,4,5,1/25/19,0,14
10096,Lundy,Susan,0,4,0,5,5,3,0,67237,1,20,Production Technician II,MA,02122,12/26/76,F,Widowed,US Citizen,No,White,7/8/13,9/15/16,more money,Voluntarily Terminated,Production       ,22,Michael,Albert,LinkedIn,Fully Meets,4.65,4,0,6/10/16,0,15
10035,Lunquist,Lisa,0,0,0,1,5,4,0,73330,0,20,Production Technician II,MA,02324,3/28/82,F,Single,US Citizen,No,Black or African American,8/19/13,,N/A-StillEmployed,Active,Production       ,16,Elijiah,Gray,Indeed,Exceeds,4.2,4,0,2/12/19,0,19
10057,Lydon,Allison,1,1,0,3,5,3,0,52057,0,19,Production Technician I,MA,02122,10/22/75,F,Married,US Citizen,No,Black or African American,2/16/15,,N/A-StillEmployed,Active,Production       ,16,Elijiah,Gray,Website,Fully Meets,5,3,0,1/23/19,0,6
10004,Lynch,Lindsay,0,0,0,5,5,4,1,47434,1,19,Production Technician I,MA,01844,2/14/73,F,Single,US Citizen,Yes,Black or African American,11/7/11,11/14/15,Another position,Voluntarily Terminated,Production       ,39,Webster,Butler,Diversity Job Fair,Exceeds,5,4,0,2/2/15,0,17
10191,MacLennan,Samuel,0,4,1,5,5,3,0,52788,1,19,Production Technician I,MA,01938,11/9/72,M ,Widowed,US Citizen,No,White,9/24/12,9/26/17,hours,Voluntarily Terminated,Production       ,11,Amy,Dunn,Indeed,Fully Meets,3.08,4,0,4/1/17,0,18
10219,Mahoney,Lauren,0,0,0,1,5,3,0,45395,0,19,Production Technician I,MA,02189,7/7/86,F,Single,US Citizen,No,White,1/6/14,,N/A-StillEmployed,Active,Production       ,19,Ketsia,Liebig,LinkedIn,Fully Meets,4.6,4,0,2/26/19,0,14
10077,Manchester,Robyn,1,1,0,2,5,3,0,62385,0,20,Production Technician II,MA,02324,8/25/76,F,Married,US Citizen,No,White,5/11/16,,N/A-StillEmployed,Active,Production       ,,Webster,Butler,LinkedIn,Fully Meets,5,3,0,1/21/19,0,4
10073,Mancuso,Karen,1,1,0,5,5,3,0,68407,1,20,Production Technician II,MA,02176,12/10/86,F,Married,US Citizen,No,Two or more races,7/5/11,8/19/12,Another position,Voluntarily Terminated,Production       ,11,Amy,Dunn,LinkedIn,Fully Meets,5,4,0,7/2/12,0,16
10279,Mangal,Debbie,1,1,0,1,5,3,0,61349,0,19,Production Technician I,MA,02451,11/7/74,F,Married,US Citizen,No,White,11/11/13,,N/A-StillEmployed,Active,Production       ,12,Brannon,Miller,LinkedIn,Fully Meets,4.1,3,0,1/22/19,0,11
10110,Martin,Sandra,0,0,0,1,4,3,0,105688,0,24,Software Engineer,MA,02135,11/7/87,F,Single,US Citizen,No,Asian,11/11/13,,N/A-StillEmployed,Active,Software Engineering,10,Alex,Sweetwater,Google Search,Fully Meets,4.5,5,4,1/14/19,0,14
10053,Maurice,Shana,1,1,0,1,5,3,0,54132,0,19,Production Technician I,MA,02330,11/22/77,F,Married,US Citizen,No,White,5/31/11,,N/A-StillEmployed,Active,Production       ,14,David,Stanley,Indeed,Fully Meets,5,4,0,1/10/19,0,8
10076,Carthy,B'rigit,0,0,0,1,5,3,0,55315,0,20,Production Technician II,MA,02149,5/21/87,F,Single,US Citizen,No,Black or African American,3/30/15,,N/A-StillEmployed,Active,Production       ,19,Ketsia,Liebig,LinkedIn,Fully Meets,5,5,0,2/7/19,0,16
10145,Mckenna,Sandy,1,1,0,1,5,3,0,62810,0,19,Production Technician I,MA,02184,1/7/87,F,Married,US Citizen,No,Black or African American,1/7/13,,N/A-StillEmployed,Active,Production       ,20,Kissy,Sullivan,CareerBuilder,Fully Meets,3.93,3,0,1/30/19,0,20
10202,McKinzie,Jac,1,1,1,2,6,3,0,63291,0,3,Area Sales Manager,TX,78789,7/1/84,M ,Married,US Citizen,No,Two or more races,7/6/16,,N/A-StillEmployed,Active,Sales,21,Lynn,Daneault,Website,Fully Meets,3.4,4,0,1/29/19,0,7
10128,Meads,Elizabeth,0,0,0,5,5,3,1,62659,1,19,Production Technician I,MA,01760,,F,Single,US Citizen,No,Black or African American,4/2/12,11/11/16,Another position,Voluntarily Terminated,Production       ,18,Kelley,Spirea,Diversity Job Fair,Fully Meets,4.18,4,0,2/5/16,0,17
10068,Medeiros,Jennifer,0,0,0,1,5,3,0,55688,0,19,Production Technician I,MA,02346,9/22/76,F,Single,US Citizen,No,White,3/30/15,,N/A-StillEmployed,Active,Production       ,22,Michael,Albert,CareerBuilder,Fully Meets,5,4,0,1/21/19,0,10
10116,Miller,Brannon,0,0,1,1,5,3,0,83667,0,18,Production Manager,MA,02045,8/10/81,M ,Single,US Citizen,yes,Hispanic,8/16/12,,N/A-StillEmployed,Active,Production       ,2,Janet,King,Indeed,Fully Meets,4.37,3,0,1/14/19,0,2
10298,Miller,Ned,0,0,1,5,5,1,0,55800,1,20,Production Technician II,MA,02472,6/29/85,M ,Single,US Citizen,No,White,8/15/11,9/4/14,unhappy,Voluntarily Terminated,Production       ,12,Brannon,Miller,LinkedIn,PIP,3,2,0,1/14/13,6,6
10213,Monkfish,Erasumus,1,1,1,1,5,3,0,58207,0,20,Production Technician II,MA,01450,8/17/92,M ,Married,US Citizen,No,White,11/7/11,,N/A-StillEmployed,Active,Production       ,14,David,Stanley,LinkedIn,Fully Meets,3.7,3,0,1/8/19,0,14
10288,Monroe,Peter,1,1,1,1,3,2,1,157000,0,13,IT Manager - Infra,MA,02134,10/5/86,M ,Married,Eligible NonCitizen,Yes,Black or African American,2/15/12,,N/A-StillEmployed,Active,IT/IS,5,Jennifer,Zamora,Diversity Job Fair,Needs Improvement,2.39,3,6,2/22/19,4,13
10025,Monterro,Luisa,0,0,0,1,5,4,0,72460,0,20,Production Technician II,MA,02126,4/24/70,F,Single,US Citizen,No,Black or African American,5/13/13,,N/A-StillEmployed,Active,Production       ,20,Kissy,Sullivan,Indeed,Exceeds,4.7,3,0,1/14/19,0,1
10223,Moran,Patrick,0,0,1,3,5,3,1,72106,0,20,Production Technician II,MA,02127,12/3/76,M ,Single,US Citizen,No,Black or African American,1/9/12,,N/A-StillEmployed,Active,Production       ,18,Kelley,Spirea,Diversity Job Fair,Fully Meets,4.1,4,0,1/31/19,0,12
10151,Morway,Tanya,1,1,0,1,3,3,0,52599,0,15,Network Engineer,MA,02048,4/4/79,F,Married,US Citizen,No,White,2/16/15,,N/A-StillEmployed,Active,IT/IS,7,Peter,Monroe,CareerBuilder,Fully Meets,3.81,3,6,2/11/19,0,6
10254,Motlagh,Dawn,0,2,0,1,5,3,0,63430,0,19,Production Technician I,MA,02453,7/7/84,F,Divorced,US Citizen,No,White,4/1/13,,N/A-StillEmployed,Active,Production       ,16,Elijiah,Gray,LinkedIn,Fully Meets,4.4,4,0,1/17/19,0,18
10120,Moumanil,Maliki,0,3,1,1,5,3,0,74417,0,20,Production Technician II,MA,01460,12/1/74,M ,Separated,US Citizen,No,Black or African American,5/13/13,,N/A-StillEmployed,Active,Production       ,22,Michael,Albert,LinkedIn,Fully Meets,4.29,5,0,1/28/19,0,11
10216,Myers,Michael,0,0,1,1,5,3,0,57575,0,19,Production Technician I,MA,01550,4/18/80,M ,Single,US Citizen,No,Asian,7/8/13,,N/A-StillEmployed,Active,Production       ,20,Kissy,Sullivan,LinkedIn,Fully Meets,4.1,4,0,1/22/19,0,13
10079,Navathe,Kurt,0,0,1,1,3,3,0,87921,0,22,Senior BI Developer,MA,02056,4/25/70,M ,Single,US Citizen,No,Asian,2/10/17,,N/A-StillEmployed,Active,IT/IS,13,Brian,Champaigne,Indeed,Fully Meets,5,3,6,2/25/19,0,17
10215,Ndzi,Colombui,0,0,1,5,5,3,1,50470,1,19,Production Technician I,MA,02110,5/2/89,M ,Single,US Citizen,No,Black or African American,9/26/11,4/4/14,return to school,Voluntarily Terminated,Production       ,39,Webster,Butler,Diversity Job Fair,Fully Meets,4.3,3,0,3/2/13,0,19
10185,Ndzi,Horia,1,1,1,5,5,3,0,46664,1,19,Production Technician I,MA,02421,3/28/83,M ,Married,US Citizen,No,White,4/1/13,5/25/16,more money,Voluntarily Terminated,Production       ,11,Amy,Dunn,Employee Referral,Fully Meets,3.18,3,0,3/6/16,0,10
10063,Newman,Richard,1,1,1,3,5,3,0,48495,0,19,Production Technician I,MA,02136,4/8/77,M ,Married,US Citizen,No,White,5/12/14,,N/A-StillEmployed,Active,Production       ,19,Ketsia,Liebig,LinkedIn,Fully Meets,5,5,0,2/18/19,0,11
10037,Ngodup,Shari,0,3,0,1,5,4,1,52984,0,19,Production Technician I,MA,01810,,F,Separated,US Citizen,No,Black or African American,4/1/13,,N/A-StillEmployed,Active,Production       ,12,Brannon,Miller,Diversity Job Fair,Exceeds,4,3,0,2/13/19,0,12
10042,Nguyen,Dheepa,0,0,0,1,6,3,0,63695,0,3,Area Sales Manager,GA,30428,3/31/89,F,Single,US Citizen,No,Two or more races,7/8/13,,N/A-StillEmployed,Active,Sales,21,Lynn,Daneault,Indeed,Fully Meets,5,5,0,1/25/19,0,2
10206,Nguyen,Lei-Ming,0,0,0,1,5,3,0,62061,0,19,Production Technician I,MA,02132,7/7/84,F,Single,US Citizen,No,White,7/8/13,,N/A-StillEmployed,Active,Production       ,14,David,Stanley,LinkedIn,Fully Meets,3.6,5,0,1/2/19,0,4
10104,Nowlan,Kristie,0,0,0,1,5,3,0,66738,0,20,Production Technician II,MA,01040,11/23/85,F,Single,US Citizen,No,White,11/10/14,,N/A-StillEmployed,Active,Production       ,16,Elijiah,Gray,Indeed,Fully Meets,4.53,5,0,1/16/19,0,5
10303,O'hare,Lynn,0,0,0,4,5,1,0,52674,1,19,Production Technician I,MA,02152,9/30/80,F,Single,US Citizen,No,Two or more races,3/31/14,5/1/18,performance,Terminated for Cause,Production       ,20,Kissy,Sullivan,LinkedIn,PIP,2.33,2,0,3/9/18,6,3
10078,Oliver,Brooke,1,1,0,5,5,3,0,71966,1,20,Production Technician II,MA,02492,,F,Married,US Citizen,No,Asian,5/14/12,8/19/13,unhappy,Voluntarily Terminated,Production       ,39,Webster,Butler,LinkedIn,Fully Meets,5,3,0,7/2/13,0,17
10121,Onque,Jasmine,0,0,0,1,6,3,0,63051,0,3,Area Sales Manager,FL,33174,5/11/90,F,Single,US Citizen,Yes,White,9/30/13,,N/A-StillEmployed,Active,Sales,21,Lynn,Daneault,Indeed,Fully Meets,4.28,3,0,1/25/19,0,1
10021,Osturnka,Adeel,1,1,1,1,5,4,0,47414,0,19,Production Technician I,MA,02478,12/11/76,M ,Married,US Citizen,No,White,9/30/13,,N/A-StillEmployed,Active,Production       ,18,Kelley,Spirea,LinkedIn,Exceeds,5,3,0,2/7/19,0,13
10281,Owad,Clinton,0,0,1,1,5,2,0,53060,0,19,Production Technician I,MA,01760,11/24/79,M ,Single,US Citizen,No,Black or African American,2/17/14,,N/A-StillEmployed,Active,Production       ,22,Michael,Albert,LinkedIn,Needs Improvement,4.25,3,0,2/4/19,4,6
10041,Ozark,Travis,0,0,1,1,6,3,0,68829,0,3,Area Sales Manager,NC,27229,5/19/82,M ,Single,US Citizen,No,White,1/5/15,,N/A-StillEmployed,Active,Sales,17,John,Smith,Website,Fully Meets,5,5,0,1/14/19,0,18
10148,Panjwani,Nina,1,1,0,5,5,3,0,63515,1,19,Production Technician I,MA,02351,5/1/79,F,Married,US Citizen,No,White,2/7/11,1/12/14,Another position,Voluntarily Terminated,Production       ,16,Elijiah,Gray,Google Search,Fully Meets,3.89,4,0,3/4/13,0,7
10005,Patronick,Lucas,0,0,1,5,4,4,1,108987,1,24,Software Engineer,MA,01844,2/20/79,M ,Single,US Citizen,No,Black or African American,11/7/11,9/7/15,Another position,Voluntarily Terminated,Software Engineering,10,Alex,Sweetwater,Diversity Job Fair,Exceeds,5,5,3,8/16/15,0,13
10259,Pearson,Randall,1,1,1,5,3,3,0,93093,1,9,Data Analyst,MA,02747,9/5/84,M ,Married,US Citizen,No,White,12/1/14,5/1/16,performance,Voluntarily Terminated,IT/IS,4,Simon,Roup,Employee Referral,Fully Meets,4.7,4,5,1/16/16,0,19
10286,Smith,Martin,0,0,1,5,5,2,0,53564,1,19,Production Technician I,MA,02458,3/17/88,M ,Single,US Citizen,No,Black or African American,1/10/11,12/28/17,career change,Voluntarily Terminated,Production       ,39,Webster,Butler,Google Search,Needs Improvement,3.54,5,0,4/6/17,4,15
10297,Pelletier,Ermine,1,1,0,5,5,2,0,60270,1,20,Production Technician II,MA,02472,7/18/89,F,Married,US Citizen,No,Asian,7/5/11,9/15/15,unhappy,Voluntarily Terminated,Production       ,11,Amy,Dunn,CareerBuilder,Needs Improvement,2.4,5,0,2/6/15,5,2
10171,Perry,Shakira,0,0,0,5,5,3,0,45998,1,19,Production Technician I,MA,02176,7/20/86,F,Single,US Citizen,No,White,5/16/11,10/25/15,medical issues,Voluntarily Terminated,Production       ,11,Amy,Dunn,LinkedIn,Fully Meets,3.45,4,0,5/13/14,0,5
10032,Peters,Lauren,1,1,0,5,5,4,0,57954,1,20,Production Technician II,MA,01886,8/17/86,F,Married,US Citizen,No,White,5/16/11,2/4/13,more money,Voluntarily Terminated,Production       ,19,Ketsia,Liebig,Indeed,Exceeds,4.2,5,0,1/10/13,0,12
10130,Peterson,Ebonee,1,1,0,5,5,3,0,74669,1,18,Production Manager,MA,02030,5/9/77,F,Married,US Citizen,No,White,10/25/10,5/18/16,Another position,Voluntarily Terminated,Production       ,2,Janet,King,Indeed,Fully Meets,4.16,5,0,3/5/15,0,6
10217,Petingill,Shana,1,1,0,1,5,3,0,74226,0,20,Production Technician II,MA,02050,3/10/79,F,Married,Eligible NonCitizen,No,Asian,4/2/12,,N/A-StillEmployed,Active,Production       ,12,Brannon,Miller,LinkedIn,Fully Meets,4.3,3,0,1/14/19,0,14
10016,Petrowsky,Thelma,1,1,0,1,3,4,0,93554,0,9,Data Analyst,MA,01886,9/16/84,F,Married,US Citizen,No,Black or African American,11/10/14,,N/A-StillEmployed,Active,IT/IS,4,Simon,Roup,Employee Referral,Exceeds,4.6,5,7,1/4/19,0,16
10050,Pham,Hong,1,1,1,5,5,3,0,64724,1,19,Production Technician I,MA,02451,3/6/88,M ,Married,US Citizen,No,Asian,7/5/11,11/30/12,more money,Voluntarily Terminated,Production       ,12,Brannon,Miller,Google Search,Fully Meets,5,3,0,2/20/12,0,13
10164,Pitt,Brad,0,0,1,1,5,3,0,47001,0,19,Production Technician I,MA,02451,11/23/81,M ,Single,US Citizen,No,White,11/5/07,,N/A-StillEmployed,Active,Production       ,14,David,Stanley,Google Search,Fully Meets,3.66,3,0,2/25/19,0,15
10124,Potts,Xana,1,1,0,1,6,3,0,61844,0,3,Area Sales Manager,KY,40220,8/29/88,F,Married,US Citizen,No,Black or African American,1/9/12,,N/A-StillEmployed,Active,Sales,21,Lynn,Daneault,Website,Fully Meets,4.2,5,0,2/1/19,0,9
10187,Power,Morissa,0,2,0,5,5,3,0,46799,1,19,Production Technician I,MA,01742,10/15/84,F,Divorced,Eligible NonCitizen,No,Asian,5/16/11,6/4/18,Another position,Voluntarily Terminated,Production       ,20,Kissy,Sullivan,Google Search,Fully Meets,3.17,4,0,4/2/18,0,14
10225,Punjabhi,Louis,0,0,1,1,5,3,0,59472,0,19,Production Technician I,MA,02109,,M ,Single,US Citizen,No,White,1/6/14,,N/A-StillEmployed,Active,Production       ,18,Kelley,Spirea,Employee Referral,Fully Meets,4.8,3,0,1/7/19,0,14
10262,Purinton,Janine,0,2,0,5,5,3,0,46430,1,19,Production Technician I,MA,02474,9/22/70,F,Divorced,US Citizen,No,White,9/24/12,6/18/13,unhappy,Voluntarily Terminated,Production       ,20,Kissy,Sullivan,Indeed,Fully Meets,4.5,5,0,4/2/13,0,16
10131,Quinn,Sean,1,1,1,5,1,3,1,83363,1,23,Software Engineer,MA,02045,11/6/84,M ,Married,Eligible NonCitizen,No,Black or African American,2/21/11,8/15/15,career change,Voluntarily Terminated,Software Engineering,2,Janet,King,Diversity Job Fair,Fully Meets,4.15,4,0,4/19/14,0,4
10239,Rachael,Maggie,1,1,0,1,3,3,0,95920,0,4,BI Developer,MA,02110,5/12/80,F,Married,US Citizen,No,Black or African American,10/2/16,,N/A-StillEmployed,Active,IT/IS,13,Brian,Champaigne,Indeed,Fully Meets,4.4,4,6,2/6/19,0,10
10152,Rarrick,Quinn,0,2,1,5,5,3,0,61729,1,19,Production Technician I,MA,02478,12/31/84,M ,Divorced,US Citizen,No,White,9/26/11,4/7/18,more money,Voluntarily Terminated,Production       ,22,Michael,Albert,Indeed,Fully Meets,3.8,5,0,2/4/18,0,19
10140,Ren,Kylo,1,1,1,1,6,3,0,61809,0,3,Area Sales Manager,ID,83706,,M ,Married,US Citizen,No,White,5/12/14,,N/A-StillEmployed,Active,Sales,17,John,Smith,CareerBuilder,Fully Meets,3.98,3,0,1/28/19,0,4
10058,Rhoads,Thomas,0,2,1,5,5,3,0,45115,1,19,Production Technician I,MA,02176,7/22/82,M ,Divorced,US Citizen,Yes,White,5/16/11,1/15/16,retiring,Voluntarily Terminated,Production       ,16,Elijiah,Gray,LinkedIn,Fully Meets,5,4,0,3/30/15,0,11
10011,Rivera,Haley,1,1,0,1,5,4,0,46738,0,19,Production Technician I,MA,02171,1/12/73,F,Married,US Citizen,No,Asian,11/28/11,,N/A-StillEmployed,Active,Production       ,,Webster,Butler,Google Search,Exceeds,4.36,5,0,2/11/19,0,16
10230,Roberson,May,0,2,0,5,5,3,0,64971,1,20,Production Technician II,MA,01902,9/5/81,F,Divorced,Eligible NonCitizen,No,Black or African American,9/26/11,10/22/11,return to school,Voluntarily Terminated,Production       ,14,David,Stanley,Google Search,Fully Meets,4.5,4,0,10/22/11,0,10
10224,Robertson,Peter,1,1,1,5,5,3,0,55578,1,20,Production Technician II,MA,02138,7/3/72,M ,Married,US Citizen,No,White,7/5/11,2/8/12,Another position,Voluntarily Terminated,Production       ,20,Kissy,Sullivan,Indeed,Fully Meets,4.2,5,0,1/6/12,0,13
10047,Robinson,Alain,1,1,1,5,5,3,0,50428,1,19,Production Technician I,MA,01420,1/7/74,M ,Married,US Citizen,No,Black or African American,1/10/11,1/26/16,attendance,Voluntarily Terminated,Production       ,11,Amy,Dunn,Indeed,Fully Meets,5,3,0,1/10/15,0,11
10285,Robinson,Cherly,1,1,0,4,5,2,0,61422,1,19,Production Technician I,MA,01460,1/7/85,F,Married,US Citizen,No,White,1/10/11,5/17/16,attendance,Terminated for Cause,Production       ,19,Ketsia,Liebig,Indeed,Needs Improvement,3.6,3,0,4/5/16,4,16
10020,Robinson,Elias,0,4,1,1,5,4,0,63353,0,19,Production Technician I,MA,01730,1/28/85,M ,Widowed,US Citizen,No,White,7/8/13,,N/A-StillEmployed,Active,Production       ,12,Brannon,Miller,Employee Referral,Exceeds,3.6,5,0,2/11/19,0,4
10162,Roby,Lori,1,1,0,1,3,3,0,89883,0,9,Data Analyst,MA,01886,10/11/81,F,Married,US Citizen,No,White,2/16/15,,N/A-StillEmployed,Active,IT/IS,4,Simon,Roup,Employee Referral,Fully Meets,3.69,5,6,2/14/19,0,15
10149,Roehrich,Bianca,0,0,0,5,3,3,0,120000,1,29,Principal Data Architect,MA,02703,5/27/73,F,Single,US Citizen,Yes,White,1/5/15,11/10/18,Another position,Voluntarily Terminated,IT/IS,4,Simon,Roup,LinkedIn,Fully Meets,3.88,3,7,2/13/18,0,12
10086,Roper,Katie,0,0,0,1,3,3,0,150290,0,7,Data Architect,MA,02056,11/21/72,F,Single,US Citizen,No,Black or African American,1/7/17,,N/A-StillEmployed,Active,IT/IS,13,Brian,Champaigne,Indeed,Fully Meets,4.94,3,5,2/6/19,0,17
10054,Rose,Ashley,0,3,0,1,5,3,0,60627,0,19,Production Technician I,MA,01886,12/5/74,F,Separated,US Citizen,No,White,1/6/14,,N/A-StillEmployed,Active,Production       ,14,David,Stanley,Website,Fully Meets,5,4,0,1/31/19,0,8
10065,Rossetti,Bruno,0,0,1,5,5,3,0,53180,1,19,Production Technician I,MA,02155,3/18/87,M ,Single,US Citizen,No,White,4/4/11,8/13/18,Another position,Voluntarily Terminated,Production       ,20,Kissy,Sullivan,Google Search,Fully Meets,5,5,0,7/2/18,0,4
10198,Roup,Roup,0,0,1,1,3,3,0,140920,0,13,IT Manager - DB,MA,02481,4/5/73,M ,Single,US Citizen,No,White,1/20/13,,N/A-StillEmployed,Active,IT/IS,5,Jennifer,Zamora,Indeed,Fully Meets,3.6,5,7,2/18/19,0,13
10222,Ruiz,Ricardo,0,2,1,5,3,3,1,148999,1,13,IT Manager - DB,MA,01915,,M ,Divorced,US Citizen,No,Black or African American,1/9/12,11/4/15,hours,Voluntarily Terminated,IT/IS,5,Jennifer,Zamora,Diversity Job Fair,Fully Meets,4.3,4,6,1/4/15,0,8
10126,Saada,Adell,1,1,0,1,4,3,0,86214,0,24,Software Engineer,MA,02132,7/24/86,F,Married,US Citizen,No,White,11/5/12,,N/A-StillEmployed,Active,Software Engineering,10,Alex,Sweetwater,Indeed,Fully Meets,4.2,3,6,2/13/19,0,2
10295,Saar-Beckles,Melinda,0,0,0,2,5,2,1,47750,0,19,Production Technician I,MA,01801,,F,Single,US Citizen,No,Black or African American,7/4/16,,N/A-StillEmployed,Active,Production       ,18,Kelley,Spirea,Diversity Job Fair,Needs Improvement,2.6,4,0,2/18/19,5,4
10260,Sadki,Nore,0,0,1,5,5,3,0,46428,1,19,Production Technician I,MA,02148,12/21/74,M ,Single,US Citizen,No,White,1/5/09,7/30/18,relocation out of area,Voluntarily Terminated,Production       ,22,Michael,Albert,Google Search,Fully Meets,4.6,5,0,2/5/18,0,7
10233,Sahoo,Adil,1,1,1,1,5,3,0,57975,0,20,Production Technician II,MA,02062,4/26/86,M ,Married,US Citizen,No,White,8/30/10,,N/A-StillEmployed,Active,Production       ,18,Kelley,Spirea,CareerBuilder,Fully Meets,4.1,3,0,1/10/19,0,13
10229,Salter,Jason,0,2,1,5,3,3,0,88527,1,9,Data Analyst ,MA,02452,12/17/87,M ,Divorced,US Citizen,No,Black or African American,1/5/15,10/31/15,hours,Voluntarily Terminated,IT/IS,4,Simon,Roup,LinkedIn,Fully Meets,4.2,3,5,4/20/15,0,2
10169,Sander,Kamrin,1,1,0,1,5,3,0,56147,0,19,Production Technician I,MA,02154,7/10/88,F,Married,US Citizen,No,Black or African American,9/29/14,,N/A-StillEmployed,Active,Production       ,16,Elijiah,Gray,LinkedIn,Fully Meets,3.51,3,0,2/18/19,0,2
10071,Sewkumar,Nori,0,0,0,3,5,3,0,50923,0,19,Production Technician I,MA,02191,3/10/75,F,Single,US Citizen,No,Asian,9/30/13,,N/A-StillEmployed,Active,Production       ,,Webster,Butler,Google Search,Fully Meets,5,5,0,2/6/19,0,14
10179,Shepard,Anita,1,1,0,1,3,3,0,50750,0,15,Network Engineer,MA,01773,4/14/81,F,Married,US Citizen,No,White,9/30/14,,N/A-StillEmployed,Active,IT/IS,7,Peter,Monroe,LinkedIn,Fully Meets,3.31,3,6,1/7/19,0,7
10091,Shields,Seffi,1,1,0,1,5,3,0,52087,0,19,Production Technician I,MA,02149,8/24/85,F,Married,US Citizen,No,White,8/19/13,,N/A-StillEmployed,Active,Production       ,11,Amy,Dunn,LinkedIn,Fully Meets,4.81,4,0,2/15/19,0,15
10178,Simard,Kramer,1,1,1,1,3,3,0,87826,0,9,Data Analyst,MA,02110,2/8/70,M ,Married,US Citizen,Yes,White,1/5/15,,N/A-StillEmployed,Active,IT/IS,4,Simon,Roup,Employee Referral,Fully Meets,3.32,3,7,1/14/19,0,16
10039,Singh,Nan,0,0,0,1,1,3,0,51920,0,2,Administrative Assistant,MA,02330,5/19/88,F,Single,US Citizen,No,White,5/1/15,,N/A-StillEmployed,Active,Admin Offices,1,Brandon,LeBlanc,Website,Fully Meets,5,3,5,1/15/19,0,2
10095,Sloan,Constance,0,0,0,5,5,3,0,63878,1,20,Production Technician II,MA,01851,11/25/87,F,Single,US Citizen,No,White,10/26/09,4/8/15,maternity leave - did not return,Voluntarily Terminated,Production       ,22,Michael,Albert,CareerBuilder,Fully Meets,4.68,4,0,4/2/15,0,20
10027,Smith,Joe,0,0,1,1,5,4,0,60656,0,20,Production Technician II,MA,02045,,M ,Single,US Citizen,No,White,9/29/14,,N/A-StillEmployed,Active,Production       ,16,Elijiah,Gray,Indeed,Exceeds,4.3,3,0,1/28/19,0,4
10291,Smith,John,0,2,1,1,6,2,1,72992,0,21,Sales Manager,MA,01886,8/16/84,M ,Divorced,US Citizen,No,Black or African American,5/18/14,,N/A-StillEmployed,Active,Sales,15,Debra,Houlihan,Diversity Job Fair,Needs Improvement,2.4,4,0,1/16/19,2,16
10153,Smith,Leigh,1,1,0,5,1,3,1,55000,1,2,Administrative Assistant,MA,01844,6/14/87,F,Married,US Citizen,No,Black or African American,9/26/11,9/25/13,career change,Voluntarily Terminated,Admin Offices,1,Brandon,LeBlanc,Diversity Job Fair,Fully Meets,3.8,4,4,8/15/13,0,17
10157,Smith,Sade,0,0,0,1,5,3,0,58939,0,19,Production Technician I,MA,02130,,F,Single,US Citizen,No,White,11/11/13,,N/A-StillEmployed,Active,Production       ,19,Ketsia,Liebig,Employee Referral,Fully Meets,3.73,3,0,1/24/19,0,16
10119,Soto,Julia,1,1,0,1,3,3,0,66593,0,14,IT Support,MA,02360,3/12/73,F,Married,US Citizen,No,Black or African American,6/10/11,,N/A-StillEmployed,Active,IT/IS,6,Eric,Dougall,LinkedIn,Fully Meets,4.3,3,5,2/8/19,0,19
10180,Soze,Keyser,1,1,1,2,3,3,0,87565,0,28,Sr. Network Engineer,MA,01545,2/9/83,M ,Married,US Citizen,No,Asian,6/30/16,,N/A-StillEmployed,Active,IT/IS,7,Peter,Monroe,LinkedIn,Fully Meets,3.27,4,5,1/14/19,0,13
10302,Sparks,Taylor,1,1,0,1,5,1,0,64021,0,19,Production Technician I,MA,02093,,F,Married,US Citizen,No,White,2/20/12,,N/A-StillEmployed,Active,Production       ,12,Brannon,Miller,Indeed,PIP,2.4,2,1,2/25/19,6,20
10090,Spirea,Kelley,1,1,0,1,5,3,0,65714,0,18,Production Manager,MA,02451,9/30/75,F,Married,US Citizen,No,White,10/2/12,,N/A-StillEmployed,Active,Production       ,2,Janet,King,LinkedIn,Fully Meets,4.83,5,0,2/14/19,0,15
10030,Squatrito,Kristen,0,2,0,5,5,4,0,62425,1,19,Production Technician I,MA,02359,3/26/73,F,Divorced,US Citizen,No,White,5/13/13,6/29/15,unhappy,Voluntarily Terminated,Production       ,14,David,Stanley,LinkedIn,Exceeds,4.1,4,0,3/2/15,0,16
10278,Stanford,Stanford,0,2,0,1,5,3,0,47961,0,19,Production Technician I,MA,02050,8/25/82,F,Divorced,US Citizen,No,Two or more races,1/10/11,,N/A-StillEmployed,Active,Production       ,20,Kissy,Sullivan,Google Search,Fully Meets,4.1,4,0,2/7/19,0,9
10307,Stansfield,Norman,1,1,1,1,6,1,0,58273,0,3,Area Sales Manager,NV,89139,5/9/74,M ,Married,US Citizen,No,White,5/12/14,,N/A-StillEmployed,Active,Sales,21,Lynn,Daneault,Website,PIP,1.81,2,0,1/17/19,3,5
10147,Steans,Tyrone,0,0,1,1,1,3,0,63003,0,1,Accountant I,MA,02703,9/1/86,M ,Single,US Citizen,No,White,9/29/14,,N/A-StillEmployed,Active,Admin Offices,1,Brandon,LeBlanc,Indeed,Fully Meets,3.9,5,5,1/18/19,0,9
10266,Stoica,Rick,1,1,1,1,5,3,0,61355,0,19,Production Technician I,MA,02301,3/14/85,M ,Married,US Citizen,No,Asian,2/17/14,,N/A-StillEmployed,Active,Production       ,18,Kelley,Spirea,LinkedIn,Fully Meets,4.7,3,0,1/11/19,0,4
10241,Strong,Caitrin,1,1,0,1,6,3,0,60120,0,3,Area Sales Manager,MT,59102,5/12/89,F,Married,US Citizen,No,Black or African American,9/27/10,,N/A-StillEmployed,Active,Sales,17,John,Smith,Indeed,Fully Meets,4.1,4,0,1/31/19,0,18
10158,Sullivan,Kissy,1,1,0,1,5,3,0,63682,0,18,Production Manager,MA,01776,3/28/78,F,Married,US Citizen,No,Black or African American,1/8/09,,N/A-StillEmployed,Active,Production       ,2,Janet,King,Indeed,Fully Meets,3.73,4,0,1/24/19,0,12
10117,Sullivan,Timothy,1,1,1,1,5,3,0,63025,0,19,Production Technician I,MA,02747,10/7/82,M ,Married,US Citizen,Yes,White,1/5/15,,N/A-StillEmployed,Active,Production       ,22,Michael,Albert,Google Search,Fully Meets,4.36,5,0,1/24/19,0,10
10209,Sutwell,Barbara,0,0,0,1,5,3,0,59238,0,19,Production Technician I,MA,02718,,F,Single,Eligible NonCitizen,No,Asian,5/14/12,,N/A-StillEmployed,Active,Production       ,16,Elijiah,Gray,Indeed,Fully Meets,3.4,5,0,1/31/19,0,13
10024,Szabo,Andrew,0,0,1,1,4,4,0,92989,0,24,Software Engineer,MA,02140,5/6/83,M ,Single,US Citizen,No,White,7/7/14,,N/A-StillEmployed,Active,Software Engineering,10,Alex,Sweetwater,LinkedIn,Exceeds,4.5,5,5,2/18/19,0,1
10173,Tannen,Biff,1,1,1,1,3,3,0,90100,0,4,BI Developer,MA,02134,10/24/87,M ,Married,US Citizen,No,White,4/20/17,,N/A-StillEmployed,Active,IT/IS,13,Brian,Champaigne,Indeed,Fully Meets,3.4,3,6,1/2/19,0,14
10221,Tavares,Desiree,1,1,0,5,5,3,1,60754,1,19,Production Technician I,MA,01801,4/3/75,F,Married,Non-Citizen,No,Black or African American,4/27/09,4/1/13,Another position,Voluntarily Terminated,Production       ,39,Webster,Butler,Diversity Job Fair,Fully Meets,4.5,5,0,2/15/12,0,11
10146,Tejeda,Lenora,1,1,0,5,5,3,0,72202,1,20,Production Technician II,MA,02129,,F,Married,US Citizen,No,White,5/16/11,7/8/17,Another position,Voluntarily Terminated,Production       ,16,Elijiah,Gray,Google Search,Fully Meets,3.93,3,0,4/18/17,0,3
10161,Terry,Sharlene,0,0,0,1,6,3,0,58370,0,3,Area Sales Manager,OR,97756,,F,Single,US Citizen,No,Black or African American,9/29/14,,N/A-StillEmployed,Active,Sales,21,Lynn,Daneault,Indeed,Fully Meets,3.69,3,0,1/28/19,0,18
10141,Theamstern,Sophia,0,0,0,5,5,3,0,48413,1,19,Production Technician I,MA,02066,,F,Single,US Citizen,No,White,7/5/11,9/5/16,return to school,Voluntarily Terminated,Production       ,11,Amy,Dunn,Indeed,Fully Meets,3.98,4,0,3/2/16,0,1
10268,Thibaud,Kenneth,0,4,1,5,5,3,0,67176,1,20,Production Technician II,MA,02472,9/16/75,M ,Widowed,US Citizen,No,White,6/25/07,8/30/10,military,Voluntarily Terminated,Production       ,39,Webster,Butler,Other,Fully Meets,4.1,4,0,7/14/10,0,15
10123,Tippett,Jeanette,0,2,0,1,5,3,0,56339,0,19,Production Technician I,MA,02093,,F,Divorced,US Citizen,No,Black or African American,2/18/13,,N/A-StillEmployed,Active,Production       ,12,Brannon,Miller,Indeed,Fully Meets,4.21,5,0,1/14/19,0,4
10013,Torrence,Jack,0,3,1,1,6,4,0,64397,0,3,Area Sales Manager,ND,58782,,M ,Separated,US Citizen,No,White,1/9/06,,N/A-StillEmployed,Active,Sales,21,Lynn,Daneault,Indeed,Exceeds,4.1,3,0,1/4/19,0,6
10287,Trang,Mei,0,0,0,1,5,2,0,63025,0,19,Production Technician I,MA,02021,5/16/83,F,Single,US Citizen,No,White,2/17/14,,N/A-StillEmployed,Active,Production       ,14,David,Stanley,LinkedIn,Needs Improvement,2.44,5,0,2/11/19,4,18
10044,Tredinnick,Neville,1,1,1,5,3,3,0,75281,1,15,Network Engineer,MA,01420,5/5/88,M ,Married,US Citizen,No,White,1/5/15,2/12/16,medical issues,Voluntarily Terminated,IT/IS,7,Peter,Monroe,CareerBuilder,Fully Meets,5,3,5,4/15/15,0,11
10102,TRUE,Edward,0,0,1,5,4,3,1,100416,1,24,Software Engineer,MA,02451,6/14/83,M ,Single,Non-Citizen,No,Black or African American,2/18/13,4/15/18,medical issues,Voluntarily Terminated,Software Engineering,10,Alex,Sweetwater,Diversity Job Fair,Fully Meets,4.6,3,4,2/12/17,0,9
10270,Trzeciak,Cybil,0,0,0,5,5,3,0,74813,1,20,Production Technician II,MA,01778,3/15/85,F,Single,US Citizen,No,White,1/10/11,7/2/14,unhappy,Voluntarily Terminated,Production       ,11,Amy,Dunn,LinkedIn,Fully Meets,4.4,3,0,1/5/14,0,5
10045,Turpin,Jumil,1,1,1,1,3,3,0,76029,0,15,Network Engineer,MA,02343,,M ,Married,Eligible NonCitizen,No,White,3/30/15,,N/A-StillEmployed,Active,IT/IS,7,Peter,Monroe,Employee Referral,Fully Meets,5,4,7,1/14/19,0,8
10205,Valentin,Valentin,1,1,0,1,6,3,0,57859,0,3,Area Sales Manager,AZ,85006,5/23/91,F,Married,US Citizen,No,Two or more races,7/5/11,,N/A-StillEmployed,Active,Sales,17,John,Smith,Indeed,Fully Meets,2.81,3,0,1/17/19,0,16
10014,Veera,Abdellah,0,2,1,5,5,4,0,58523,1,19,Production Technician I,MA,02171,1/31/87,M ,Divorced,US Citizen,No,White,8/13/12,2/5/16,maternity leave - did not return,Voluntarily Terminated,Production       ,20,Kissy,Sullivan,LinkedIn,Exceeds,4.5,5,0,2/1/16,0,15
10144,Vega,Vincent,0,2,1,1,5,3,0,88976,0,17,Production Manager,MA,02169,,M ,Divorced,US Citizen,No,White,8/1/11,,N/A-StillEmployed,Active,Production       ,2,Janet,King,Employee Referral,Fully Meets,3.93,3,0,2/27/19,0,19
10253,Villanueva,Noah,0,0,1,1,6,3,0,55875,0,3,Area Sales Manager,ME,04063,7/11/89,M ,Single,US Citizen,No,Asian,3/5/12,,N/A-StillEmployed,Active,Sales,17,John,Smith,Website,Fully Meets,4.5,4,0,1/18/19,0,11
10118,Voldemort,Lord,1,1,1,4,3,3,0,113999,1,8,Database Administrator,MA,01960,8/7/86,M ,Married,US Citizen,No,Black or African American,2/16/15,2/22/17,"no-call, no-show",Terminated for Cause,IT/IS,4,Simon,Roup,Employee Referral,Fully Meets,4.33,3,7,2/15/17,0,9
10022,Volk,Colleen,1,1,0,4,5,4,0,49773,1,19,Production Technician I,MA,02747,6/3/86,F,Married,US Citizen,No,White,9/26/11,2/8/16,gross misconduct,Terminated for Cause,Production       ,18,Kelley,Spirea,Google Search,Exceeds,4.3,5,0,2/1/15,0,18
10183,Von Massenbach,Anna,0,0,0,2,5,3,0,62068,0,19,Production Technician I,MA,02124,4/6/85,F,Single,US Citizen,No,White,7/5/15,,N/A-StillEmployed,Active,Production       ,22,Michael,Albert,LinkedIn,Fully Meets,3.21,3,0,1/29/19,0,7
10190,Walker,Roger,0,0,1,1,5,3,0,66541,0,20,Production Technician II,MA,02459,2/10/76,M ,Single,US Citizen,No,Black or African American,8/18/14,,N/A-StillEmployed,Active,Production       ,19,Ketsia,Liebig,Employee Referral,Fully Meets,3.11,5,0,2/12/19,0,4
10274,Wallace,Courtney,1,1,0,5,5,3,1,80512,1,18,Production Manager,MA,02478,,F,Married,US Citizen,No,Black or African American,9/26/11,1/2/12,Another position,Voluntarily Terminated,Production       ,2,Janet,King,Diversity Job Fair,Fully Meets,4.5,3,0,1/2/12,0,5
10293,Wallace,Theresa,0,0,0,5,5,2,0,50274,1,19,Production Technician I,MA,01887,8/2/80,F,Single,US Citizen,No,White,8/13/12,9/1/15,career change,Voluntarily Terminated,Production       ,16,Elijiah,Gray,CareerBuilder,Needs Improvement,2.5,3,0,9/5/14,6,13
10172,Wang,Charlie,0,0,1,1,3,3,0,84903,0,22,Senior BI Developer,MA,01887,7/8/81,M ,Single,US Citizen,No,Asian,2/15/17,,N/A-StillEmployed,Active,IT/IS,13,Brian,Champaigne,Indeed,Fully Meets,3.42,4,7,1/4/19,0,17
10127,Warfield,Sarah,0,4,0,1,3,3,0,107226,0,28,Sr. Network Engineer,MA,02453,5/2/78,F,Widowed,US Citizen,No,Asian,3/30/15,,N/A-StillEmployed,Active,IT/IS,7,Peter,Monroe,Employee Referral,Fully Meets,4.2,4,8,2/5/19,0,7
10072,Whittier,Scott,0,0,1,5,5,3,0,58371,1,19,Production Technician I,MA,02030,5/24/87,M ,Single,US Citizen,Yes,White,1/10/11,5/15/14,hours,Voluntarily Terminated,Production       ,39,Webster,Butler,LinkedIn,Fully Meets,5,5,0,5/15/14,0,11
10048,Wilber,Barry,1,1,1,5,5,3,0,55140,1,19,Production Technician I,MA,02324,,M ,Married,Eligible NonCitizen,No,White,5/16/11,9/7/15,unhappy,Voluntarily Terminated,Production       ,11,Amy,Dunn,Website,Fully Meets,5,3,0,2/15/15,0,7
10204,Wilkes,Annie,0,2,0,5,5,3,0,58062,1,19,Production Technician I,MA,01876,7/30/83,F,Divorced,US Citizen,No,White,1/10/11,5/14/12,Another position,Voluntarily Terminated,Production       ,19,Ketsia,Liebig,Google Search,Fully Meets,3.6,5,0,2/6/11,0,9
10264,Williams,Jacquelyn,0,0,0,5,5,3,1,59728,1,19,Production Technician I,MA,02109,,F,Single,US Citizen,Yes,Black or African American,1/9/12,6/27/15,relocation out of area,Voluntarily Terminated,Production       ,19,Ketsia,Liebig,Diversity Job Fair,Fully Meets,4.3,4,0,6/2/14,0,16
10033,Winthrop,Jordan,0,0,1,5,5,4,0,70507,1,20,Production Technician II,MA,02045,,M ,Single,US Citizen,No,White,1/7/13,2/21/16,retiring,Voluntarily Terminated,Production       ,12,Brannon,Miller,LinkedIn,Exceeds,5,3,0,1/19/16,0,7
10174,Wolk,Hang,0,0,0,1,5,3,0,60446,0,20,Production Technician II,MA,02302,4/20/85,F,Single,US Citizen,No,White,9/29/14,,N/A-StillEmployed,Active,Production       ,14,David,Stanley,LinkedIn,Fully Meets,3.4,4,0,2/21/19,0,14
10135,Woodson,Jason,0,0,1,1,5,3,0,65893,0,20,Production Technician II,MA,01810,5/11/85,M ,Single,US Citizen,No,White,7/7/14,,N/A-StillEmployed,Active,Production       ,20,Kissy,Sullivan,LinkedIn,Fully Meets,4.07,4,0,2/28/19,0,13
10301,Ybarra,Catherine,0,0,0,5,5,1,0,48513,1,19,Production Technician I,MA,02458,5/4/82,F,Single,US Citizen,No,Asian,9/2/08,9/29/15,Another position,Voluntarily Terminated,Production       ,12,Brannon,Miller,Google Search,PIP,3.2,2,0,9/2/15,5,4
10010,Zamora,Jennifer,0,0,0,1,3,4,0,220450,0,6,CIO,MA,02067,8/30/79,F,Single,US Citizen,No,White,4/10/10,,N/A-StillEmployed,Active,IT/IS,2,Janet,King,Employee Referral,Exceeds,4.6,5,6,2/21/19,0,16
10043,Zhou,Julia,0,0,0,1,3,3,0,89292,0,9,Data Analyst,MA,02148,2/24/79,F,Single,US Citizen,No,White,3/30/15,,N/A-StillEmployed,Active,IT/IS,4,Simon,Roup,Employee Referral,Fully Meets,5,3,5,2/1/19,0,11
10271,Zima,Colleen,0,4,0,1,5,3,0,45046,0,19,Production Technician I,MA,01730,8/17/78,F,Widowed,US Citizen,No,Asian,9/29/14,,N/A-StillEmployed,Active,Production       ,14,David,Stanley,LinkedIn,Fully Meets,4.5,5,0,1/30/19,0,2